Data ,Label
"यो समान राम्रो रहेछ",1
"समान राम्रो रहेछ",1
"राम्रो रहेछ",1

"यो घडी मलाइ साँच्चिकै सुहाउछ । म यसलाई खरीद गर्नेछु।:)",1
"साँच्चिकै सुहाउछ",1
"सुहाउछ",1
"खरीद गर्नेछु",2

"मूल्य प्रति अनुसार राम्रो उत्पादन",1
"राम्रो उत्पादन",1

"ठिकै उत्पादन हो",2

"सामान त राम्रो रहिछ ।",1

"वाह",1

"सहि हो सहि हो",1
"सहि हो",1

"चाख् लाग्दो ",1

"एकदम दामी छ ।",1
"एकदम दामी",1
"दामी छ",1

"मेरा बच्चाहरू यसलाई प्रयोग गर्न मनपराउछन" ,1
"मेरा बच्चाहरू",2
"यसलाई प्रयोग गर्न मनपराउछन",1
"मनपराउछन",1

"शुरुआती वा अनुभवी व्यक्तिको लागि उत्कृष्ट",1
"शुरुआती वा अनुभवी",1
"अनुभवी",1
"व्यक्तिको लागि उत्कृष्ट",1
"उत्कृष्ट",1

"उनीहरूको लागि सस्तो ट्याब्लेट प्रयोग गर्न र सिक्नका लागि सजिलो छ" ,1
"ट्याब्लेट प्रयोग गर्न र सिक्नका लागि सजिलो छ",1
"प्रयोग गर्न र सिक्नका लागि सजिलो छ",1
"सजिलो छ",1

"मूल्यको लागि मलाई लाग्छ यो ट्याब्लेट त्यहाँ सबै भन्दा राम्रो छ",1
"सबै भन्दा राम्रो छ",1

"यो सामन साइज को छ।मैले यसलाई मेरो पतिको लागि खरिद गरेँ किनकि उहाँसँग यो  फोनको तुलनामा ठूलो स्क्रिन छ",1
"यो सामन साइज को छ",1
"उहाँसँग यो  फोनको तुलनामा ठूलो स्क्रिन छ",2

यो उत्पादन ले आज  सम्म निराश छैन  मेरा बच्चाहरू यसलाई प्रयोग गर्न मनपराउछन,1
"यो उत्पादन ले आज  सम्म निराश छैन",1
"निराश छैन",1
"मेरा बच्चाहरू यसलाई प्रयोग गर्न मनपराउछन",1
"मेरा बच्चाहरू",2

"हल्का वजन, र मूल्य बिन्दुको लागि, निश्चित रूपमा खरीदको लायक",1
"हल्का वजन",2
"निश्चित रूपमा खरीदको लायक",1

"म आफैं छनौटमा खुशी छु",1
"छनौटमा खुशी छु",1
"आफैं छनौटमा",2

"पुस्तक पढ्नको लागी यो ट्याब्लेट ठीक छ ",1
"यो ट्याब्लेट ठीक छ",1

"म पुस्तकहरू आदेश र पाठकसँग पढ्न मन पराउँछु",1
"पाठकसँग पढ्न मन पराउँछु",1

"उत्कृष्ट उत्पादन, पर्‍योग गर्न सजिलो छ, ठूला स्क्रिन चलचित्रहरू हेर्न र  पढ्न सजिलो छ",1
"उत्कृष्ट उत्पादन",1
"पर्‍योग गर्न सजिलो छ",1
"चलचित्रहरू हेर्न र  पढ्न सजिलो छ",1
"ठूला स्क्रिन",2

मेरो बुबाले आफ्नो पहिलो ट्याब्लेट किन्न  चाहानु भयो र यो धेरै राम्रो मूल्य हो यसमा  चलचित्रहरू हेर्न र खेल खेल्न सक्छन् यसको प्रयोग गर्न सजिलो छ,1
"मेरो बुबाले आफ्नो पहिलो ट्याब्लेट किन्न  चाहानु भयो",2
"चलचित्रहरू हेर्न र खेल खेल्न",2
"खेल खेल्न सक्छन् यसको प्रयोग गर्न सजिलो छ",1
"यसको प्रयोग गर्न सजिलो छ",1

"स्क्रिनको आकार मनपर्छ",1
"आकार मनपर्छ"

"ज्येष्ठ नागरिकका ज्ञान, सीप तथा अनुभव प्राप्त गरेर नयाँ पुस्तामा हस्तान्तरण गर्दै जानु जरुरी छ",1
"सीप तथा अनुभव प्राप्त गरेर नयाँ पुस्तामा हस्तान्तरण गर्दै जानु जरुरी छ",1
" पुस्तामा हस्तान्तरण गर्दै जानु",2

"Mero bichar ma yo aakdam ramro xa",1
"Mero bichar ma",2
"yo aakdam ramro xa",1

"हजुरहरुले डेलिवर गर्नु भएको समान निकै नै चित्त भुज्ने छ",1
"हजुरहरुले डेलिवर गर्नु भएको समान",2
"निकै नै चित्त भुज्ने छ",1

"यहाँ बाट किनेको सामान ऎक्दमै राम्रो बलियो र टिकाउ छन्",1
"ऎक्दमै राम्रो बलियो र टिकाउ छन्",1
"बलियो",1
"टिकाउ",1
"राम्रो बलियो र टिकाउ छन्",1

"नेपालको धरती उपज हो",1
"धरती उपज हो",2

"म खुशी छु",1
"खुशी",2

"मलाई खेल खेल्न मन पर्छ",1
"खेल खेल्न मन पर्छ",1

"म तिमीलाई माया गर्छु",1
"माया गर्छु",1

"इलेक्ट्रोनिक मिडिया एक प्रासंगिक र एक खुला स्रोत हो",1
"एक प्रासंगिक",1
"एक खुला स्रोत हो",1

"अती सुन्दर प्रयास",1
"अती सुन्दर",1
"सुन्दर प्रयास",1

"malai yo project ramro layo" ,1
"project ramro layo",1
"ramro layo",1

"रक्सी  पिएर बाटोमा सुत्दा नि महिलो नलाग्ने भयो अब रक्सी  पिउन सुरु गरुन्छ",1
"रक्सी  पिएर बाटोमा सुत्दा नि महिलो नलाग्ने भयो",2
"बाटोमा सुत्दा",0
"अब रक्सी  पिउन सुरु गरुन्छ",0
"बाटोमा सुत्दा नि महिलो नलाग्ने",2
"सुरु गरुन्छ",2

सडक मा भन्दा पहिले नेताको दिमाख मा ब्रुमर लगाएर सफा गरिदिए देश चाडै बिकास हुन्थ्यो कि,1
"सडक मा भन्दा पहिले",2
"देश चाडै बिकास हुन्थ्यो",1
"चाडै बिकास",1
"नेताको दिमाख मा ब्रुमर लगाएर सफा गरिदिए",0
"सफा गरिदिए",1

"पहिला खाल्डाखुल्डी टाल्न भन रुटिने तेस्ता बुमरबाट होइन हेलिपम्प बाट सफा गरौला",1
"पहिला खाल्डाखुल्डी टाल्न भन",1
"बुमरबाट होइन हेलिपम्प बाट सफा गरौला",1
"भन रुटिने",1
"सफा गरौला",1

"अनि वाहा भनौला",1
"वाहा भनौला",1

"पहिला सबै तिर राम्रो सँग पिच गरेर त्यसपछी सफा गर्न थाले हुन्छ",1
"पहिला सबै तिर राम्रो सँग पिच गरेर",1
"सफा गर्न थाले हुन्छ",1

"पहिला सिहदरबार सफा गर्नु पर्छ  अनि उपत्यका मात्र हैन देश नै सफा हुन्छ",1
"पहिला सिहदरबार सफा गर्नु पर्छ",1
"उपत्यका मात्र हैन देश नै सफा हुन्छ",1
"देश नै सफा हुन्छ",1

धन्यवाद तपाईहरु सबैलाई सामन उपलव्ध भएको छ,1
"धन्यवाद तपाईहरु सबैलाई",1
"सामन उपलव्ध भएको छ",2
"सबैलाई सामन उपलव्ध भएको छ",2

मनपरि नबोलौँ भन्छु साला यस्तै पोष्ट देखेपछि दिमाग तातिन्छ,1
"मनपरि नबोलौँ भन्छु",1
"यस्तै पोष्ट देखेपछि दिमाग तातिन्छ",0
"साला",0
"दिमाग तातिन्छ",2

"त्यसैले अामा-बुबालाई वृद्ध अाश्रम हाेईन घरमै अाफ्नाे साथमा राख्ने गर",1
"अाफ्नाे साथमा राख्ने गर",2

"जन्म दीनको लाखौ करोडौ सुभकामना",1
"लाखौ करोडौ",2
"सुभकामना",1

"प्यारे सधै हासिखुसी रहनु",1
"प्यारे",1
"सधै हासिखुसी रहनु",1

"अनाधिक्रित पार्किग नियंत्रण सवारी कसैको जन-जीवन उजाडी",1
"अनाधिक्रित पार्किग",0
"कसैको जन-जीवन उजाडी",1

"फुटपाथ मा कपडा बेच्ने लाई जरिवाना तोकिन्छ यहाँ कलिला नानिका कपडा च्यात्ने हरु खुलेयाम घुमी रहेका छन",1
"फुटपाथ मा कपडा बेच्ने लाई जरिवाना तोकिन्छ",1
"यहाँ कलिला नानिका कपडा च्यात्ने हरु खुलेयाम घुमी रहेका छन",0
"खुलेयाम घुमी रहेका छन",2
"जरिवाना तोकिन्छ",1

"त्यो कुनै चटपटे पसल मात्र हैन त्यो कसैको परिवारको खुसी किन्ने सपना पनि हो" ,1
"त्यो कुनै चटपटे पसल मात्र हैन",2
"कसैको परिवारको खुसी किन्ने सपना पनि हो",1
"सपना पनि हो",2

"chaitra 16 saturday",2
"chaitra 16",2
"saturday",2

"बोलेर भन्दा गरेर पो देखाउनु पर्छ र होईन भने येस्तो गर्नुपर्छ उस्तो गर्नुपर्छ यो गरे राम्रो त्यो गरे राम्रो भन्न त जो पनि सक्छ तर ब्यवहार मा लागू हुदैन",1
"बोलेर भन्दा गरेर पो देखाउनु पर्छ",1
"उस्तो गर्नुपर्छ यो गरे राम्रो त्यो गरे राम्रो भन्न त जो पनि सक्छ",1
"भन्न त जो पनि सक्छ",2
"यो गरे राम्रो त्यो गरे राम्रो",2
"गरेर पो देखाउनु पर्छ",1
"ब्यवहार मा लागू हुदैन",0

म पनि त्यही बिचमा छु,2
"त्यही बिचमा",2
"बिचमा छु",2

म पनि यहि छु भेट्ने महानुभाबलाइ उचित पुरस्कारको ब्यबस्था छ,1
"म पनि यहि छु",2
" भेट्ने महानुभाबलाइ उचित पुरस्कारको ब्यबस्था छ",1
"पुरस्कारको ब्यबस्था छ",1

हिजो taxi driver ले गल्ती गर्यो बिरामी लाई सडकमा अलपत्र छोडेर!,1
"हिजो taxi driver ले गल्ती गर्यो",2
"बिरामी लाई सडकमा अलपत्र छोडेर",0
"बिरामी सडकमा अलपत्र",0

"यहाँ दोष नेता को भन्दा हामी जनता को बढी छ",1
"यहाँ दोष नेता को",0
"हामी जनता को बढी छ",2
"बढी छ",2

"हाम्रै सुरक्षा र भलोको निम्ति सपथ खाएकाहरु अनि हामी जनताकै रगत र पसिना बाट उठेको करबाट पालिने हरु ले किन यति विधि हेप्नु पर्या नीति नियम अनि कानुन निमुखाहरु को लागि मात्र हो",1
"हामी जनताकै रगत र पसिना बाट उठेको करबाट पालिने हरु",0
"हाम्रै सुरक्षा र भलोको निम्ति सपथ खाएकाहरु",1
"कानुन निमुखाहरुको लागि मात्र हो ?",1
"निमुखाहरु",2
"सुरक्षा र भलोको निम्ति",1

"शक्तिको आडमा अपराध गर्ने परम्परा को अन्त कहिले निर्दोष आफ्नो लेन मा हिडिरहेका मानिस लाई ठक्कर दिने यी अपराधी प्रहरी हुन  यिनलाई सजाय के  यससम्बन्ध मा सरकारी प्रतिक्रिया के र सजाय कार्यनयन हुन्छ कि हुन्न खबरदारी गरियोस",1
"शक्तिको आडमा अपराध गर्ने परम्परा को अन्त कहिले निर्दोष आफ्नो लेन मा हिडिरहेका मानिस लाई ठक्कर दिने यी अपराधी प्रहरी हुन  यिनलाई सजाय के ?",1
"शक्तिको आडमा अपराध गर्ने परम्परा",1
"आफ्नो लेन मा हिडिरहेका मानिस लाई ठक्कर दिने ?",1
"यी अपराधी प्रहरी हुन",0
"यिनलाई सजाय के ?",2
"यससम्बन्ध मा सरकारी प्रतिक्रिया के ?",2
"सजाय कार्यनयन हुन्छ कि हुन्न",2
"यससम्बन्ध मा सरकारी प्रतिक्रिया के र सजाय कार्यनयन हुन्छ कि हुन्न ?",2
"खबरदारी गरियोस",1

"मुल्य अन्त बजारको भन्दा फरक छैन",1
"अन्त बजारको",2
"बजारको भन्दा फरक छैन",2
"फरक छैन",2

"सामानको चित्त बुझ्दो मूल्य छ",1
"चित्त बुझ्दो मूल्य छ",1
"मूल्य छ",2

"सम्बन्धित लाई कारबाही भयको भिडियो पनि छिट्टै हेर्न पाइयोस",1
"कारबाही भयको भिडियो पनि छिट्टै हेर्न पाइयोस",0
"छिट्टै हेर्न पाइयोस",2
"कारबाही भयको",0

"गाडीको पछाडी बसेकाहरुको झन ठूलो गल्ती छ देखेर नि न देख्या जस्तो गर्याछन",1
"गाडीको पछाडी बसेकाहरु को झन ठूलो गल्ती छ",1
"पछाडी बसेकाहरु",2
"ठूलो गल्ती छ",2
"देख्या जस्तो गर्याछन",0

"dammi xaa bro",1
"dammi xaa",1

"राम्रो महसुस भयो कुनै पनि क्षेत्रहरूमा कुनै पिचिंग छैन राम्रो पैसामा पाए हजुर पनि आफुलाइ एक जोडा किन्नुहोस्",1
"राम्रो महसुस भयो",1
"कुनै पनि क्षेत्रहरूमा कुनै पिचिंग छैन",1
"राम्रो पैसामा पाए हजुर पनि आफुलाइ एक जोडा किन्नुहोस्",1
"आफुलाइ एक जोडा किन्नुहोस्",2
"एक जोडा",2

"उत्कृष्ट शैली धेरै सहज उत्कृष्ट मूल्य म आफ्नो नौसेना ग्रे सूट संग यो लुगा लगाउदा धेरै प्रशंसा प्राप्त गर्दछु",1
"उत्कृष्ट शैली",1
"धेरै सहज",1
"उत्कृष्ट मूल्य",1
"म आफ्नो नौसेना ग्रे सूट संग यो लुगा लगाउदा धेरै प्रशंसा प्राप्त गर्दछु",1
"प्रशंसा प्राप्त गर्दछु",1
"ो लुगा लगाउदा",2

"खुसी लाग्यो छोरा",1
"खुसी लाग्यो",1

"हार्दिक आभार एक युवाको कदमलाइ हज्जारौं युवाहरुले साथ दिदा",1
"हार्दिक आभार र धन्यवाद",1
"युवाहरुले साथ दिदा",1
"एक युवाको कदमलाइ हज्जारौं युवाहरुले साथ दिदा",1

"धन्यवाद बाजुरेलिमन र धन्यवाद साथ दिने सबैलाइ साथै सहयोग सुझावको लागि",1
"धन्यवाद बाजुरेलिमन",1
"साथ दिने सबैलाइ साथै सहयोग सुझावको लागि",1
"सुझावको लागि",2


"Wow yo honi line thank you mahanayak rajesh hamal jiu congratulations kp brother",1
"Wow yo honi line",1
"thank you mahanayak rajesh hamal jiu",1
"congratulations kp brother",1
"thank you mahanayak rajesh hamal jiu congratulations kp brother",1

"अति उत्तम कार्य  के पि भाइ",1
"अति उत्तम कार्य",1
"के पि भाइ",2

"देश आफै बन्छ सुरुवात आफुबाट सुरु गरौ",1
"देश आफै बन्छ",1
"सुरुवात आफुबाट सुरु गरौ",1
"सुरु गरौ",2

"बिदेश मा फोहोर पनि भेटीनु पर्यो नि खैरे हरु ले Trash challenge हान्न  भाग्यमानी हुन आफ्नो देश मा गर्न न पाएको काम नेपाल मा आएर गर्न पाएको छन",1
"बिदेश मा फोहोर पनि भेटीनु पर्यो नि",2
"फोहोर पनि भेटीनु पर्यो नि",1
"Trash challenge हान्न",2
"भाग्यमानी हुन",1
"आफ्नो देश मा गर्न न पाएको काम नेपाल मा आएर गर्न पाएको छन",1
"नेपाल मा आएर गर्न पाएको छन",2
"गर्न पाएको छन",2

"Photo post गरेर भाइरल बनाइदिने नेपाली मिडिया मन पर्यो होला बिदेशी साईली लाई",1
"Photo post गरेर भाइरल बनाइदिने नेपाली मिडिया",1
"मन पर्यो होला बिदेशी साईली लाई",1
"बिदेशी साईली",2
"नेपाली मिडिया मन पर्यो",2

"बृद्दा भत्ता दिएर आश्रम पठाईदिने ब्यबस्था गरौ",1
"बृद्दा भत्ता",1
"आश्रम पठाईदिने ब्यबस्था गरौ",1
"ब्यबस्था गरौ",1

"ठिक गर्यो",1

बिहे गरेपछि बुढीलाई यति माया गर्छु कि त्यो देखेर ससुराले पनि ज्वाई कान्छि छोरी नि हजुर नै लौजानुस भनोस् ,1
"बिहे गरेपछि बुढीलाई यति माया गर्छु",1
"त्यो देखेर ससुराले पनि ज्वाई कान्छि छोरी नि हजुर नै लौजानुस भनोस्",1
"छोरी नि हजुर नै लौजानुस भनोस्",2
"कान्छि छोरी",2

रुटिने होस गर तेरो पोस्टमा पनि कमेन्ट तिनिहरु कै troll गर्दै आउने गर्छ पर्लास फन्दामा त पनि अनि आफै बन्द होलास,1
"रुटिने होस गर",0
"ुटिने होस गर तेरो पोस्टमा पनि कमेन्ट तिनिहरु कै troll गर्दै आउने गर्छ",0
"तेरो पोस्टमा पनि कमेन्ट तिनिहरु कै troll गर्दै आउने गर्छ",0
"पर्लास फन्दामा",0
"त पनि अनि आफै बन्द होलास",0
"troll गर्दै आउने गर्छ",0
"roll गर्दै आउने गर्छ पर्लास फन्दामा त पनि अनि आफै बन्द होलास",0

नराम्रो  हर्कत गर्ने सबैलाइ समात्नै पर्छ,1
"नराम्रो  हर्कत गर्ने",0
"सबैलाइ समात्नै पर्छ",0

"देश बिगार्नेलाई खुल्ला छोड्ने तर फोटा बिगार्नेलाई सजाए रे",1
"देश बिगार्नेलाई खुल्ला छोड्ने ?",1
"तर फोटा बिगार्नेलाई सजाए रे",2
"बिगार्नेलाई सजाए",1
"खुल्ला छोड्ने",2

"खुशीको खबर",1
"खबर",1

"टाउकोलाई समाते पो केही हुन्थ्यो  हाँगाबिगाहरु समातेर आफ्नो काम देखाउने काम बन्द गर्दा नै राम्रो",1
"टाउकोलाई समाते पो केही हुन्थ्यो",0
"समाते पो केही हुन्थ्यो",2
"हाँगाबिगाहरु समातेर आफ्नो काम देखाउने",2
"काम बन्द गर्दा नै राम्रो",1

"सलाम साह साब",1
"सलाम",1
"साह साब",2

"एस्तो राम्रो काम हुदै जाओस",1
"एस्तो राम्रो काम",1
"काम हुदै जाओस",2
"राम्रो काम हुदै जाओस",1

"बल्ल राजनीति पार्टी हरुको आँखा खुल्दैछ",1
"आँखा खुल्दैछ",2
"पार्टी हरुको आँखा खुल्दैछ",1
"राजनीति पार्टी हरुको",2

"म भोलि कलेजमा खाजा खाने पैसा दिन्छु",1
"म भोलि",2
"खाजा खाने पैसा दिन्छु",2
"पैसा दिन्छु",2

"आफुले सकेको सहयोग गरौ",1
"सकेको सहयोग गरौ",1   
"सहयोग गरौ",1

"राष्ट्रपति र प्रधानमन्त्रीको फोटो बिगारेर पोष्ट गर्ने पक्राउ",1
"फोटो बिगारेर पोष्ट गर्ने पक्राउ",1
"राष्ट्रपति र प्रधानमन्त्रीको फोटो",2
"राष्ट्रपति",2
"प्रधानमन्त्रीको फोटो बिगारेर पोष्ट गर्ने पक्राउ",1

"वेईज्जत नगरेको भए हुने हो",1
"नगरेको भए हुने हो",2
"वेईज्जत",0

"फोटो झाक़ासको छ",1
"झाक़ासको छ",1

"नराम्रो काम गर्न अगाडी नसरौ",1
"नराम्रो काम",0
"अगाडी नसरौ",2
"काम गर्न अगाडी नसरौ",0

"balla yeuta gatilo kam garexaa",1
"gatilo kam garexaa",1
"yeuta gatilo kam",1

"badhai xa",1

Wah Daju Ramro kaam,1
"Wah Daju",1
"Ramro kaam",1

"इनि दाजु चाइ साचै निश्च्ल मनका रहिछ्न",1
"इनि दाजु",2
"साचै निश्च्ल मनका रहिछ्न",1
"मनका रहिछ्न",1

"dheari badhai tatha suvakamna xa hai",1
"dheari badhai tatha suvakamna",1
"suvakamna xa hai",1

"Kun swarga ki apsara hau timi ?",1
"swarga ki apsara",1
"hau timi ?",2

"Ho ta hai",2
"Ho ta",2

"सुसासनयुक्त अनि मर्यादित बनाउनु",1
"सुसासनयुक्त",1
"मर्यादित",1
"मर्यादित बनाउनु",1

"गरिमामय र निस्पक्ष",1
"गरिमामय",1
"निस्पक्ष",1

"स्पष्ट निती निर्माण गर्नु पर्दछ",1

"योग्यता, क्षमता, इमानदार, सक्षम, निडर, बरिष्ट",1
"योग्यता",2
"इमानदार",1
"सक्षम",1
"निडर",1
"बरिष्ट",1
"इमानदार, सक्षम",1
"निडर, बरिष्ट",1

"सेनालाई जिम्मेवारी तथा साथ दिनु एकदमै सराहनीय कुरा हो",1
"सेनालाई जिम्मेवारी तथा साथ दिनु",1
"एकदमै सराहनीय कुरा हो",1
"सराहनीय कुरा",1
"जिम्मेवारी तथा साथ",1

"राम्रो कुरा हो सेनालाई यो मात्र होइन राष्ट्रका हरेक अायोजनाका काम दिदा उत्तम हुन्छ",1
"राम्रो कुरा हो",1
"सेनालाई यो मात्र होइन राष्ट्रका हरेक अायोजनाका काम दिदा उत्तम हुन्छ",1
"उत्तम हुन्छ",1
"अायोजनाका काम दिदा उत्तम हुन्छ",1
"हरेक अायोजनाका काम",2

"समाज सेवी हातहरुलाई लाखौ लाख सलाम छ",1
"समाज सेवी",1
"लाखौ लाख सलाम छ",1
"समाज सेवी हातहरु",1

"घाईते सम्पुर्णमा शिघ्र स्वास्थ लाभ को कामना",1
"शिघ्र स्वास्थ लाभ",2
"लाभ को कामना",1
"घाईते",2

"सार्है दुख लाग्यो मृतकहरु को आत्माले चिर शान्ति पावोस् साथै घाइते भएकाहरुका लागि स्वास्थ्य लाभ कामना तथा सोकाकुल परिवार प्रति समवेदना प्रकट गर्दछौं",1
"सार्है दुख लाग्यो",0
"मृतकहरु को आत्माले चिर शान्ति पावोस्",1
"सोकाकुल परिवार प्रति समवेदना प्रकट गर्दछौं",1
"मवेदना प्रकट गर्दछौं",1
"मृतकहरु को आत्माले चिर शान्ति पावोस्",1

"हार्दिक श्रद्धाञ्जली",1
"श्रद्धाञ्जली",1
"हार्दिक",2

"मान्छे सानो सानो कुरामा खुशी हुन हाँस्न जान्नु पर्छ रे",1
"सानो सानो कुरामा",2
"खुशी हुन हाँस्न जान्नु पर्छ रे",1
"हाँस्न जान्नु",2
"सानो सानो",2

"नराम्रो कमेन्ट गर्न हुन्न पाप लाग्छ",1
"पाप लाग्छ",0
"नराम्रो कमेन्ट गर्न हुन्न",1

"फोटो हाल्दा अलि इडिट गरेर हाल",2
"अलि इडिट गरेर हाल",2

"आफ्ना प्रोडक्टहरु धेरैभन्दा धेरै बिक्रि होस् भन्ने चाहन्छन् जुन आफैमा नराम्रो कुरा हैन",1
"आफ्ना प्रोडक्टहरु धेरैभन्दा धेरै बिक्रि होस्",1
"धेरैभन्दा धेरै बिक्रि होस्",1
"धेरै बिक्रि होस् भन्ने चाहन्छन्",1
"जुन आफैमा नराम्रो कुरा हैन",2
"नराम्रो कुरा",0

"हेरेको थिए तर बिस्वस नलागेर तपाईंको पोस्ट हेरेको हो रहेछ",1
"हेरेको थिए",2
"बिस्वस नलागेर तपाईंको पोस्ट हेरेको",2
"बिस्वस नलागेर",0
"तपाईंको पोस्ट हेरेको",2
"हो रहेछ",2

"देशका सबै युवा उठौ लागौ देश को मन सफाइमा",1
"देशका सबै युवा उठौ",1
"देश को मन सफाइमा",1
"युवा उठौ लागौ देश को मन सफाइमा",1
"मन सफाइमा",1

"Nepal bandai xa",1
"Nepal",2

"Happy birthday legend",1
"legend",1
"Happy birthday",1

"स्केच त राम्रै हो कपालमा कसले इरेजर लगाइदिएछ पछि",1
"स्केच त राम्रै हो",2
"कपालमा कसले इरेजर लगाइदिएछ पछि",2
"इरेजर लगाइदिएछ पछि",1

"जन्मदिनको सुभकामना आलु अर्जुन",1
"जन्मदिनको सुभकामना आलु",0
"जन्मदिनको सुभकामना",1

"timi sarai ramro",1
"sarai ramro",1

"pOkHarA uNiVeRSitY iS LoVE",1
"pOkHarA uNiVeRSitY",2
"iS LoVE",1

"खसी बिना दसै कसरी आउछ् ?",2
"दसै कसरी आउछ् ?",2

"मेकअप त भ्रम मात्रै हो",1
"भ्रम मात्रै हो",2

"असली मायामा कचेरा पुछ्दै भिडियोकल गरिन्छ",2
"भिडियोकल गरिन्छ",2
"कचेरा पुछ्दै",2

"नेपाललाई लिएर जज लाई गाली गर्नु मुर्खता हो",1
"जज लाई गाली गर्नु मुर्खता हो",2
"मुर्खता हो",2
"नेपाललाई लिएर जज लाई गाली गर्नु",0

"राम्रो-नराम्रो भन्दा पनि हुने तथ्य यहि नै हो",1
"राम्रो-नराम्रो",0
"राम्रो-नराम्रो भन्दा पनि हुने",0
"तथ्य यहि नै हो",2

"आफुले आफै लाई राम्रो भन्नी ठान्नु पनि राम्रै हो",1
"आफुले आफै लाई राम्रो भन्नी ठान्नु",1
"राम्रो भन्नी ठान्नु",1
"भन्नी ठान्नु",2

"छोरीको जिन्दगी निकै सस्तो भएछ यहाँ",0
"निकै सस्तो भएछ यहाँ",2
"छोरीको जिन्दगी",2
"छोरीको जिन्दगी निकै सस्तो भएछ",0

"बधाई छ नेपाल सरकार",1
"नेपाल सरकार",2
"बधाई छ",1

जबसम्म तिम्रो देशमा मृत्युदण्डको सजाय हुदैन तवसम्म यस्ता घटनालाई सामान्य लिइयोस्,1
"जबसम्म तिम्रो देशमा मृत्युदण्डको सजाय हुदैन",0
"मृत्युदण्डको सजाय हुदैन",1
"सजाय हुदैन",1
"यस्ता घटनालाई सामान्य लिइयोस्",2
"सामान्य लिइयोस्",2
"घटनालाई सामान्य लिइयोस्",2

" एउटा कुरा जिन्दगीले मज्जाले सिकाईदियो आफु आफै मा खुसी रहन अनि कोही बाट पनि आश नराख्न",1
"एउटा कुरा जिन्दगीले मज्जाले सिकाईदियो",2
" आफु आफै मा खुसी रहन",1
"कोही बाट पनि आश नराख्न",1
"जिन्दगीले मज्जाले सिकाईदियो",2

"अब जिन्दगीमा यति अगाडि बढ्छु कि Ex ले नि भनोस पर्ख पर्ख मायालु म पनि त आउला",1
"अब जिन्दगीमा यति अगाडि बढ्छु ",1
"Ex ले नि भनोस पर्ख पर्ख मायालु म पनि त आउला",1
"म पनि त आउला",2
"अगाडि बढ्छु",1

"Broomer ले गर्न न सकेको सफा आधी माराथन दगुरेर हुन्छ हैन त ?",1
"माराथन दगुरेर हुन्छ हैन त ?",2
"Broomer ले गर्न न सकेको सफा",2
"आधी माराथन दगुरेर हुन्छ",2

"Huge congratulation",
"Huge",1

"Humanity over Nationality",1

"ल बधाइ छ",1

"Congratulation Nepal for winning",1
"Congratulation Nepal",1
"for winning",1

"I hope sompal will be sold this time, best of luck all",1
"I hope sompal will be sold this time",2
"best of luck all",1
"will be sold this time",2

"ब्यबसायको सुरक्षा छैन",0
"सुरक्षा छैन",0
"ब्यबसायको सुरक्षा",2

"अष्टेलिया र युरोप जाने पैसाको आधामात्रै लगानि गरेर यहाँ सानोतिनो ब्यबसाय गर्ने हो भने २/४ जनालाई आफैले रोजगारी दिन सकिन्छ",1
"अष्टेलिया र युरोप जाने पैसाको आधामात्रै लगानि गरेर यहाँ सानोतिनो ब्यबसाय गर्ने हो",1
"२/४ जनालाई आफैले रोजगारी दिन सकिन्छ",1
"आफैले रोजगारी दिन सकिन्छ",1
"यहाँ सानोतिनो ब्यबसाय गर्ने हो",2

"Wow cool post",1
"cool post",1

"Good job brother",1
"Good job",1

"you have my Respect",1
"my Respect",1

"Brave guy",1

"टमाटर मँहगो भयो भनेर फेसबूकमा गफ चुट्नुको साटो।बाझो बारीमा कोदालो घुमाएको भए आज यो दिन आउथेन कि" ,1
"टमाटर मँहगो भयो भनेर फेसबूकमा गफ चुट्नुको साटो",1
"बारीमा कोदालो घुमाएको भए आज यो दिन आउथेन कि",1
"आज यो दिन आउथेन कि",2
"टमाटर मँहगो भयो भनेर फेसबूकमा गफ",1

"Yo auta ramro example ho, sab le milera pressure dine ho bhane kae hune raicha bhanera.",1
"Yo auta ramro example ho",1
"sab le milera pressure dine ho bhane kae hune raicha bhanera.",1
"pressure dine ho bhane",1

"This is the power of common man",1
"power of common man",1

"आन्दोलन गर्ने जनतालाई भन्नुपर्ने हो Thanks त नत्र सरकारले यो असारमा सम्म पनि बनाउने थिएन",1
"आन्दोलन गर्ने जनतालाई भन्नुपर्ने हो",2
"रकारले यो असारमा सम्म पनि बनाउने थिएन",1

"धन्यवाद सब्दको अपहेलना नगर्दा हुन्छ",1
"अपहेलना नगर्दा हुन्छ",1
"नगर्दा हुन्छ",1

"सङ्गत गुनाको फल भन्दैमा उखु को छेउ मा रोपेको करेला गुलियो हुन्छ भन्न त भएन नि" ,2
"सङ्गत गुनाको फल",1
"करेला गुलियो हुन्छ भन्न त भएन नि",1
"गुलियो हुन्छ",2

"लोकतन्त्रको विकासमा फाइदा भन्या यही हो । आन्दोलन सत्कर्मको लागी गरौ",1
"लोकतन्त्रको विकासमा फाइदा भन्या यही हो ।",2
"आन्दोलन सत्कर्मको लागी गरौ",1
"विकासमा फाइदा भन्या यही हो ।",2

"Power of locals people",1
"Power of locals",1
"locals people",2

"यतिका महिना धुलो हिलो सहने जनतालाई धन्यवाद",1
"धुलो हिलो सहने जनतालाई धन्यवाद",1
"यतिका महिना धुलो हिलो सहने",2
"धुलो हिलो",0

"गरिब किसानको पसिना तरर बिचौलिया कारैमा सरर  हाम्रो नेपालमा",1
"गरिब किसानको पसिना तरर",0
"बिचौलिया कारैमा सरर",0
"हाम्रो नेपालमा",2
"बिचौलिया",0

"यसरी भाभुक न बनाऊ न",2
"भाभुक न बनाऊ न",2

"Wow nice post thanks for sharing",1
"Wow nice post",1
"thanks for sharing",1

"Best nepali movie ever I watched",1
"Best nepali movie ever",1
"movie ever I watched",2
"Best nepali",1

"Sai ho bipin karki the best actor in nepali cinema of all time",1
"Sai ho bipin karki",1
"Sai ho",1
"bipin karki the best actor",1
"best actor in nepali cinema",1
"best actor in nepali cinema of all time",1

"अस्ट्रेलिया एक महंगो देश हो तर त्यहाँका जनताले पाउने सार्वजनिक सेवा भने अत्यन्तै राम्रो",1
"अस्ट्रेलिया एक महंगो देश",0
"त्यहाँका जनताले पाउने सार्वजनिक सेवा भने अत्यन्तै राम्रो",1
"सेवा भने अत्यन्तै राम्रो",1
"अत्यन्तै राम्रो",1
"सार्वजनिक सेवा",2

"अलिक टाढाको अर्कै शहर घुम्ने योजना बनेकोले चारैजना कारमा बसेर निस्किए",2
"अलिक टाढाको अर्कै शहर घुम्ने योजना",2
"चारैजना कारमा बसेर निस्किए",2

"Nice film thanks for making people laugh",1
"Nice film",1
"thanks for making people laugh",1
"people laugh",1

"Ramesh uncle ko xoro is best",1
"Ramesh uncle ko xoro",2
"xoro is best",1

"it shows the fragile economic condition of us",0
"fragile economic condition",0
"economic condition",2
"condition of us",2

"नेपालको कुल बजेटको लगभग आधा हिस्सा रेमिटान्स बाट भित्रीन्छ र यसैबाट देश चलेको छ",1
"नेपालको कुल बजेटको लगभग आधा हिस्सा रेमिटान्स बाट भित्रीन् छ",2
"यसैबाट देश चलेको छ",2
"बजेटको लगभग आधा हिस्सा रेमिटान्स बाट भित्रीन् छ",2

"रेमिटान्स पठाउन बिदेशी भुमिमा श्रम गरिरहेका नेपालीहरुलाई देशमा हुने चुनावमा भोट हाल्ने आफ्नो नैसर्गिक अधिकार बाट बन्चित गरिएको छ",1
"देशमा हुने चुनावमा भोट हाल्ने आफ्नो नैसर्गिक अधिकार बाट बन्चित गरिएको छ",0
"बन्चित गरिएको छ",0
"आफ्नो नैसर्गिक अधिकार बाट बन्चित गरिएको छ",0
"नैसर्गिक अधिकार",2
"बन्चित",0

"हाम्रो सोंच यस्तो छ कि... हेल्मेट र सिटबेल्ट आफ्नो सुरक्षाका लागि भन्दा पनि ट्राफिकको आँखा छल्नका लागि बढी प्रयोग गर्छौँ । अनि ट्राफिक प्रहरीहरूको सोंच यस्तो छ कि... उनीहरू नागरिकको सुरक्षाका लागि भन्दा पनि आफ्नो कमाइका लागि बढी चिन्तित देखिन्छन् । नियम जति कडा भयो, उनीहरूलाई उति नै बढी फाइदा हुन्छ । सायद यसकारण पनि बाइक पछाडि बस्नेलाई पनि हेलमेट अनिवार्य गरिदैँछ ।",1
"हाम्रो सोंच यस्तो छ कि... हेल्मेट र सिटबेल्ट आफ्नो सुरक्षाका लागि भन्दा पनि ट्राफिकको आँखा छल्नका लागि बढी प्रयोग गर्छौँ ।",1
"अनि ट्राफिक प्रहरीहरूको सोंच यस्तो छ कि... उनीहरू नागरिकको सुरक्षाका लागि भन्दा पनि आफ्नो कमाइका लागि बढी चिन्तित देखिन्छन् ।",1
"नियम जति कडा भयो, उनीहरूलाई उति नै बढी फाइदा हुन्छ ।",1
"उति नै बढी फाइदा",1
"उनीहरूलाई उति नै बढी फाइदा हुन्छ",1
"ाइक पछाडि बस्नेलाई पनि हेलमेट अनिवार्य गरिदैँछ ।",1
"हेलमेट अनिवार्य गरिदैँछ",1
"कमाइका लागि बढी चिन्तित देखिन्छन् ।",0
"ट्राफिकको आँखा छल्नका लागि बढी प्रयोग गर्छौँ ।",0

"हेल्मेट को बिषयमा यत्रो रोइला गाउनै पर्दैन आफ्नै सुरक्षाको लागित हो नेपाल् जस्तो धेरै बाइक एक्सिडेन्ट् हुने ठाउँमा झन ,यसमा कसैको ब्यक्तिगत स्वार्थ हुनु फरक कुरा हो तर सुरक्षा आफ्नै हुन्छ",1
"हेल्मेट को बिषयमा यत्रो रोइला गाउनै पर्दैन ",1
"आफ्नै सुरक्षाको लागित हो",1
"नेपाल् जस्तो धेरै बाइक एक्सिडेन्ट् हुने ठाउँमा झन",2
"यसमा कसैको ब्यक्तिगत स्वार्थ हुनु फरक कुरा हो",2
"सुरक्षा आफ्नै हुन्छ",1
"ब्यक्तिगत स्वार्थ",0

"My world is better with you in it.",1
"better with you in it.",1
"My world is better",1

"I will do my best to keep you safe.",1
"I will do my best",1
"keep you safe.",1

"Sometimes I will say no",2
"I will say no",2

"You are creative.",1

"You are deserving.",1

"You don’t have to like what someone is saying in order to treat them with respect.",1

"Growing is hard work.",1
"hard work.",1

"You are able to do work that matters",1
"You are able",1
"to do work that matters",2

"Thank you for contributing to our family.",1
"Thank you for contributing",1
"contributing to our family.",2

"सम्पुर्ण मुस्लिम साथी दाजुभाई तथा दिदीबहिनीहरूलाई अग्रिम ईद मुबारक",1
"अग्रिम ईद मुबारक",1

"After sunrise and sunset variety babaal hunxa",1
"After sunrise and sunset",2
"variety babaal hunxa",1
"babaal hunxa",1

"मुस्लिम साथीहरूलाई शुभकामना!",1
"साथीहरूलाई शुभकामना!",1

"सानो छदा एका देशको राजा भनेर सुनेको हीजो आज TV मा देखीन्छन",2
"हीजो आज TV मा देखीन्छन",2
"देशको राजा",2
"TV मा देखीन्छन",2

"वाह शितल पोस्ट,साझा गर्नका लागि धन्यवाद",1
"साझा गर्नका लागि धन्यवाद",1
"वाह शितल पोस्ट",1

"Biryani is love",,1

"Nepal is only a country where muslim and hindus live with tolerance since many years.",1
"muslim and hindus live with tolerance since many years.",1
"muslim and hindus live with tolerance",1

"रामादान मुवारक",1
"मुवारक",1

"शुभकामना छ मुस्लिम समुदायलाई",1
"मुस्लिम समुदायलाई",1

"shubhakamana xa dost",1

"Wow nice anniversary, thanks for the songs",1
"Wow nice anniversary",1
"thanks for the songs",1

"Edge band is my soul ..... lost of love jeeban dai",1
"Edge band is my soul .....",1
"lost of love jeeban dai",0

"Thank you jeewan dai for beautiful music",1

"legendary band",1

"I will be there and it will be my first attempt in any perfromance of edge band",2
"I will be there",2
"it will be my first attempt",2
"perfromance of edge band",2

"Proud to be पर्वते",1

"Proud moment for Nepal",1

"कुनै भारतीय हाम्रो देशमा आएर वाड अध्यक्ष बनछ भने हामी लाई धेरै दुःख लाग्छ र हामी धेरै रिसाउँछौ पनि. तर हाम्रो देश को मान्छे बिदेस मा गएर मेयर बनयो भने हामी धेरै गर्भ गर्छौ।, यो हाम्रो के प्रबिधी हो। हुनत कुनै पनि बिदेसी नागरिक मेरो देशमा आएर वाड अध्यक्ष, मेयर, र संसद बन्छ भने मलाई पनि कदापि स्वीकार्य छैन",1

"कुनै भारतीय हाम्रो देशमा आएर वाड अध्यक्ष बनछ",2

"हामी लाई धेरै दुःख लाग्छ",0
"हाम्रो देश को मान्छे बिदेस मा गएर मेयर बनयो भने हामी धेरै गर्भ गर्छौ।",1
"यो हाम्रो के प्रबिधी हो ?",1
"कुनै पनि बिदेसी नागरिक मेरो देशमा आएर वाड अध्यक्ष, मेयर, र संसद बन्छ भने मलाई पनि कदापि स्वीकार्य छैन।",1
"बिदेसी नागरिक मेरो देशमा आएर वाड अध्यक्ष, मेयर, र संसद बन्छ",1

"के अब उ नेपाली हो । कहाँ को मतलब भएन न अब उस्लाइ राज्य ले चिन्छ । एक अमेरीकन को बिजय मा केको समाचर",0
"के अब उ नेपाली हो ?",2
"कहाँ को मतलब भएन न अब उस्लाइ राज्य ले चिन्छ ।",2
"एक अमेरीकन को बिजय मा केको समाचर",0

"नेपालीले अर्कोको देशमा चुनाव लडदा सहि,अनि कुनै बिदेशीले नेपालमा आएर चुनाव लडदा गलत।",1
"नेपालीले अर्कोको देशमा चुनाव लडदा सहि ?",2
"अनि कुनै बिदेशीले नेपालमा आएर चुनाव लडदा गलत।",2
"अर्कोको देशमा चुनाव लडदा सहि",1

"जित्यो भन्दैमा नेपाली नागरिकता त्यागेर बेलायती भैसकेपछी गर्व गर्ने ठाउँ छैन ।",1
"नेपाली नागरिकता त्यागेर बेलायती भैसकेपछी",2
"गर्व गर्ने ठाउँ छैन",0
"ठाउँ छैन",0
"नेपाली नागरिकता",2


"Meyar jityo vandaima Nepali citizenship tehagera UK Citizen vayesi Proud garne thau chai maile Dekhina",1
"Proud garne thau chai maile Dekhina",0
"Meyar jityo",0
"Nepali citizenship tehagera UK Citizen",2

"बाहुन बाजे ले बेलायत गएर पनि राजनीति गर्न छडेन रहेछ नि त  ल बधाई बाजे लाई",1
"बाहुन बाजे",0
"बाहुन बाजे ले बेलायत गएर पनि राजनीति गर्न छडेन",0
"ाजनीति गर्न छडेन",2
"बेलायत गएर",2

"बाईक र्यालीमा तेल कति हाल्दिन्छ। भोटरलाई मासु भात छ कि छैन, एक भोटको कति पर्छ ? UK मा नेपाल बन्द गरेको छैन?",0
"बाईक र्यालीमा तेल कति हाल्दिन्छ",2
"भोटरलाई मासु भात छ कि छैन",2
"एक भोटको कति पर्छ ?",0
"UK मा नेपाल बन्द गरेको छैन?",0

"अवसवादीहरूले पनि मौका पाउँछन् अनी आउँछन् फेरि देश मा यो त्यो भन्दै।",1
"अवसवादीहरूले पनि मौका पाउँछन्",1
"अनी आउँछन् फेरि देश मा यो त्यो भन्दै",2

"nepali ta ho... j garxa nepali le garxa..",1
"nepali ta ho...",2
"j garxa nepali le garxa..",1

"जे गर्च पर्बतेले गर्च।",1

"These are the same people who say Nepal is lacking in most of the things rather than going there are fighting elections out there he could have done that and helped the Nepalese community in Nepal itself",1
"These are the same people who say Nepal is lacking",0

"Best wishes and congratulations Gopal dad. One the best person I have ever met.",1
"Best wishes and congratulations Gopal dad.",1
"One the best person I have ever met.",1

"पढायो पढायो पाठ १६ दुने ८ भन्या यही रैछ । एच.आइ.भी लागेको ब्यक्ती लाई एच.आइ.भी पीडित हैन एच.आइ.भी सङ्क्रमित भन्नु पर्छ भनेर ज्ञान नहुने ले दिएको शुभकामना ले सो ब्यक्ती मा कस्तो असार पर्ला भनेर हेक्का नि किन नराखेको होला ।",1
"पढायो पढायो पाठ १६ दुने ८ भन्या यही रैछ ।",0
"एच.आइ.भी लागेको ब्यक्ती लाई एच.आइ.भी पीडित हैन एच.आइ.भी सङ्क्रमित भन्नु पर्छ भनेर ज्ञान नहुने ले दिएको शुभकामना ले सो ब्यक्ती मा कस्तो असार पर्ला भनेर हेक्का नि किन नराखेको होला ।",1
"ब्यक्ती मा कस्तो असार पर्ला भनेर हेक्का नि किन नराखेको होला ।",2

"सरकारी टोली सगरमाथा शिखरमा पुगेर उपकरण फिट गर्दैमा तत्कालै उचाइ पत्ता लाग्ने भने होइन । सबै प्रक्रिया टुंग्याएर डाटा प्रोसेसिङ गरि उचाइ निकाल्न अझै कम्तीमा ६ महिना लाग्ने महानिर्देशक जोशीले बताए । जमिनमा गर्ने सर्बेको काम अझै एक दुई महिना लाग्ने उनले बताए । तर सिजनकै बेला सगरमाथा आरोहण गर्नुपर्ने भएकाले शिखरको मापनको काम सकिएको हो ।",1
"सरकारी टोली सगरमाथा शिखरमा पुगेर उपकरण फिट गर्दैमा तत्कालै उचाइ पत्ता लाग्ने भने होइन ",1
"सबै प्रक्रिया टुंग्याएर डाटा प्रोसेसिङ गरि उचाइ निकाल्न अझै कम्तीमा ६ महिना लाग्ने महानिर्देशक जोशीले बताए ।",2
"तर सिजनकै बेला सगरमाथा आरोहण गर्नुपर्ने भएकाले शिखरको मापनको काम सकिएको हो ।",2
"शिखरको मापनको काम सकिएको हो ",2

"हुदैन बिहान मिर्मिरे मा तारा झरेर नगए",2
"मिर्मिरे मा तारा झरेर नगए",2

"मुश्किल घडी कसैलाई नदिनु",1
"घडी कसैलाई नदिनु",2

"यस्तो राम्रो मान्छे को यस्तो राम्रो फोटो",1
"यस्तो राम्रो फोटो",1
"यस्तो राम्रो मान्छे",1

"सानैदेखि धेरै फोटो देखियो तर तपाइको जस्तो फोटो अहिले सम्म देखेको थिइन",2
"सानैदेखि धेरै फोटो देखियो",2
"तपाइको जस्तो फोटो अहिले सम्म देखेको थिइन",2

"मेकअप त भ्रम मात्रै हो",2
"भ्रम मात्रै हो",2

"यो हो निस्वार्थ समाजसेवा भनेको सार्है राम्रो काम",1
"निस्वार्थ समाजसेवा",1
"सार्है राम्रो काम",1

"गर्ने ले सिधेइ गर्छन् क्यामेरा तेर्साएर गर्दैनन्",1
"गर्ने ले सिधेइ गर्छन्",1
"क्यामेरा तेर्साएर गर्दैनन्",1

"एकदमै महान कार्य धन्य छ तिमी लाई",1
"एकदमै महान कार्य",1
"धन्य छ तिमी लाई",1

"यो सरकारको बिरोध गरेको हैन सरकारलाई सुझाब हो",2
"यो सरकारको बिरोध गरेको हैन",1
"सरकारलाई सुझाब हो",1

"सबै यसरी नै पालै पालो सफा गरे सफा हुन्छ सहर",1
"सफा गरे सफा हुन्छ सहर",1

"सम्मान गरेछम् हामी यिनको कामलाई",1
"सम्मान गरेछम्",1

"राम्रो गरेकोमा सम्मान छ",1
"सम्मान छ",1

"सानै उमेरबाट केहि गर्न चाहन्छु म",2
"केहि गर्न चाहन्छु म",1

" सशस्त्र द्वन्द्वकालमा बरु सुरक्षित काठमाडौँ!!  दुई तिहाइ बहुमत प्राप्त सरकार को पालोमा असुरक्षित महसुस हुँदैछ",0
"सशस्त्र द्वन्द्वकालमा बरु सुरक्षित काठमाडौँ!!",1
"दुई तिहाइ बहुमत प्राप्त सरकार को पालोमा असुरक्षित महसुस हुँदैछ",0
"असुरक्षित महसुस हुँदैछ",0


"Humanity naam ko ciz xaena hamro nepali haru ma tyo bomb blast ma parni haru lai kasto vaira hola sochya xa?? Uni haru ko family ko halat kasto hola sochya xa?? Sab lai voli bida hunxa ki nai vanney pir xa kasailai billa udaunu parya xa... Heartless peoples tyo bomb blast ma uni haru parnu parney then tha hunthyo real pain k ho vanera...",0
"Humanity naam ko ciz xaena hamro nepali haru ma tyo bomb blast ma parni haru lai kasto vaira hola sochya xa??",0
"Uni haru ko family ko halat kasto hola sochya xa??",2
"Sab lai voli bida hunxa ki nai vanney pir xa kasailai billa udaunu parya xa...",0
"Heartless peoples tyo bomb blast ma uni haru parnu parney then tha hunthyo real pain k ho vanera...",0

"Nice photography",1

"अहिले मोबाइलको विभिन्न गेमले लोभलाग्दो बाल्यकाल बिताएका छन् नयाँ पुस्ताले ,,,",1
"अहिले मोबाइलको विभिन्न गेमले लोभलाग्दो बाल्यकाल बिताएका छन्",1
"नयाँ पुस्ताले ,,,",1

"गलत सिक्का मा होइन डुङ्गा को ड्याक मा एक पट्टि थुकेर थुक भिजाएर अर्को पट्टि सुक्खा राखेर थुक कि सुख भनेर टस गरिन्थ्यो",2
"थुक कि सुख भनेर टस गरिन्थ्यो",2
"गलत सिक्का मा होइन डुङ्गा को ड्याक मा",2

"Nepal's Government Finally Made A Right Decision",1
"Finally Made A Right Decision",1

"wow cool government thanks for holiday",1
"thanks for holiday",1

"आफू कर्तव्यबाट चुक्ने अनि जाबो नाथे गेमलाइ दोष दिने होइन",0
"आफू कर्तव्यबाट चुक्ने",2
"अनि जाबो नाथे गेमलाइ दोष दिने होइन",0

"जजसका छोराछोरी बिग्रे तिनलाई सुधारे हुन्छ",0
"छोराछोरी बिग्रे",0
"तिनलाई सुधारे हुन्छ",0

"यसरी चिच्याउनुको कुनै अर्थ छैन",0
"चिच्याउनुको कुनै अर्थ छैन",0
"अर्थ छैन",2

"जनैपूणिर्मा,विभिन्न लोसार कृशमस डेको दिन पनि बिदा दिनु पर्यो मेरो सरकार धार्मिक रुपले स्वतन्त्र मुलुकमा सबै धर्मलाइ कदर गरिनु पर्छ मुस्लिमको इद र हिन्दुको दशै तिहारमात्र होइन",1
"जनैपूणिर्मा,विभिन्न लोसार कृशमस डेको दिन पनि बिदा दिनु पर्यो",1
"मेरो सरकार धार्मिक रुपले स्वतन्त्र मुलुकमा सबै धर्मलाइ कदर गरिनु पर्छ",1
"बै धर्मलाइ कदर गरिनु पर्छ",1
"मुस्लिमको इद र हिन्दुको दशै तिहारमात्र होइन",1

"नेपालको तेस्रो ठुलो जनसङ्ख्या भयको समुदायलाई बर्सभरीमा दुई दीन बिदा दीन मुस्लिम समुदायले सरकारसँग ठुलो सङ्घर्ष गर्नुपर्यो यसकारण नेपाल सरकारलाई धन्यबाद दीन चाहान्न।",1
"नेपालको तेस्रो ठुलो जनसङ्ख्या भयको समुदायलाई बर्सभरीमा दुई दीन बिदा दीन मुस्लिम समुदायले सरकारसँग ठुलो सङ्घर्ष गर्नुपर्यो",1
"यसकारण नेपाल सरकारलाई धन्यबाद दीन चाहान्न।",1

"काधमा भारी बुवाको जिम्मेवारी",2
"बुवाको जिम्मेवारी",2

"हार्दिक धन्यवाद",1

"हार्दिक धन्यवाद केशव सर र साहित्य संसारलाई",1
"धन्यवाद केशव सर",1

"नेपाल मा कुनै पनि सामन राम्रो छैन",0,0
"कुनै पनि सामन राम्रो छैन"

"यो घडी नकिननुहोस् यो घडी पैसाको बर्बाद हो किनेकाे केहि दिनमै घडीको रंग हराउन सुरु हुन्छ",0
"यो घडी नकिननुहोस् यो घडी पैसाको बर्बाद हो",0
"यो घडी पैसाको बर्बाद हो",0

"सामान किन्ने काम गल्तीले पनि नगर्नुहोला",0
"किन्ने काम गल्तीले पनि नगर्नुहोला",0
"गल्तीले पनि नगर्नुहोला",2

"यहाँको उत्पादहरूसँग सन्तुष्टि हुदैन यो एकदम घटिया र झुटो रहेछ भन्नसक्छु",0
"एकदम घटिया र झुटो रहेछ भन्नसक्छु",2
"यहाँको उत्पादहरूसँग सन्तुष्टि हुदैन",

"वृद्ध प्रयोगकर्ताहरूको लागि सजिलो छैन",0
"प्रयोगकर्ताहरूको लागि सजिलो छैन",0
"सजिलो छैन",0

"शिक्षा, स्वास्थ्य र कृषि प्राथमिकतामै परेनन्",0
"कृषि प्राथमिकतामै परेनन्",0

"सबैभन्दा नराम्रो किनमेल अनुभव, मैले गरेको छु",0
"मैले गरेको छु",2
"सबैभन्दा नराम्रो किनमेल अनुभव",0

"पुरै ठग्ने काम गर्छ, अडर कुनै चिजको र डेलिभरी अरु नै गर्दो रहेछ मेरो रू १८००० ठगो",0
"पुरै ठग्ने काम गर्छ",0
"अडर कुनै चिजको र डेलिभरी अरु नै गर्दो रहेछ मेरो रू १८००० ठगो",0

"दुब्लीकेट सामान हो यो",0
"दुब्लीकेट सामान",0

"यो उत्पादन बाट आज  सम्म निराश छैन",1
"आज  सम्म निराश छैन",1

"सुमार्गीको जग्गा कब्जाको दाबी",0
"जग्गा कब्जाको दाबी",0

"रक्षा परिषद्सम्बन्धी विधेयक हुबहु पास हुन नदिने",0
"विधेयक हुबहु पास हुन नदिने",0

"कांग्रेस नेता सिटौला ह्याम्स अस्पतालको आईसीयूमा",2
"अस्पतालको आईसीयूमा",2
"कांग्रेस नेता सिटौला",2

"नेपाली विद्यार्थीको विदेश पीडा",0
"विद्यार्थीको विदेश पीडा",0
"विदेश पीडा",0
"पीडा",0

"Fake news just clickbait.",2
"Fake news",2

"छ्या कस्तो नराम्रो",0
"छ्या",0
"कस्तो नराम्रो",0

"म तपाईँलाई घृणा गर्छु।",0
"घृणा गर्छु",0
"घृणा",0

"delli le aja ko game ma ne sandip lai kelayenw",2
"kelayenw",0

" सबैलाई थाहा छ कि तपाईले आफ्नो चार्जर फिर्ता लिनु भएको छ",2
"तपाईले आफ्नो चार्जर फिर्ता लिनु भएको छ",2
"फिर्ता लिनु भएको छ",2

Yo saman kineko dwee din ma bigreyo,0
"kineko dwee din ma bigreyo",0

"किनिएको समानहरुमा निकै नै खराबी देखियो र निकै चाडै बिग्रियो",0
"किनिएको समानहरुमा निकै नै खराबी देखियो",0
"िकै चाडै बिग्रियो",0

"देलिवर गर्न अलि ढिलो भयो।",0
"अलि ढिलो भयो।",0
"देलिवर",0

"सब्जीको मूल्य उच्च हो",2
"मूल्य उच्च हो",2

"म दुखि छु",0
"दुखि",0

"खेल खेल्दै मेरो आँखालाई चोट पुर्याउँछ",2
"आँखालाई चोट पुर्याउँछ",0
"चोट पुर्याउँछ",0
"चोट",0

"ई मीडियाले समाजमा गलत असर गर्दैछ",0
"समाजमा गलत असर गर्दैछ",0
"असर गर्दैछ",0

"Dhulo uthauna stop  gareu vane ma Lastai risauxu hai gaizz",0
"Dhulo uthauna stop  gareu vane",2

"यो समान किनेनौ भने म लस्तै रिसौछुनि",0
"यो समान किनेनौ भने",2

"यो पेज खोल्ने मान्छे देखेर लास्टै रिसाउछु  म",0
"यो पेज खोल्ने मान्छे",0

"काठमान्डौ पुरै उठुन्जेल नि सकिन्न धुलो पिच कहाँ छ र धुलो सकिन जति उठायो उति आउछ",0
"धुलो सकिन जति उठायो उति आउछ",0
"काठमान्डौ पुरै उठुन्जेल नि सकिन्न धुलो पिच कहाँ छ",0
"काठमान्डौ पुरै उठुन्जेल नि सकिन्न",0

"नेपाली धुलो चाहे broomer ले सफा गरोस्कि पानी हालेर cleaner लार गरोस् सफा हुन्न",0
"सफा हुन्न",0
"नेपाली धुलो चाहे broomer ले सफा गरोस्कि पानी हालेर cleaner लार",2

"येहा बाटो नै थर्ड क्लासको हुछ",0
"र्ड क्लासको हुछ",0

"पिहिले राम्रो बाटो निर्माण गर्नु अनि प्राविधि उपयोग गर्दा राम्रो",1
"पिहिले राम्रो बाटो निर्माण गर्नु",1
"अनि प्राविधि उपयोग गर्दा राम्रो",1

"broomer चलाएर हुन्छ खुरु खुरु बाटो गतिलो बनाउनु नि",0
"broomer चलाएर हुन्छ",0
"खुरु खुरु बाटो गतिलो बनाउनु नि",0

"Road सफा गर्ने ब्रोमरको मात्र काम छैन",0
"Road सफा गर्ने",0
"ब्रोमरको मात्र काम छैन",0

"दराजमा डिग्री पिएच डी काे सर्टिफिकेट छ तर व्यबहारमा राक्षस छ",0
"व्यबहारमा राक्षस छ",0
"दराजमा डिग्री पिएच डी काे सर्टिफिकेट छ",1

"म ट्युसन क्लास पढेर म्याजिकमा घर फर्कदै थिए",2
"म्याजिकमा घर फर्कदै थिए",2
"म ट्युसन क्लास पढेर",2

"मलाई झिझाे लाग्यो उहाँ बाेलेकाे देख्दा",0
"उहाँ बाेलेकाे देख्दा",2
"मलाई झिझाे लाग्यो",1

"छाेराहरु चिल्ला गाडी चढ्न थाले बजारमा ठुला ठुला महल थप्दै गए, तर संसार देखाईदिने र सम्पत्ति जाेडिदिने अामा अाज वृद्ध अाश्रममा मृयुलाई पर्खिरहेकी छन्",0
"छाेराहरु चिल्ला गाडी चढ्न थाले",1
"बजारमा ठुला ठुला महल थप्दै गए",1
"संसार देखाईदिने र सम्पत्ति जाेडिदिने अामा अाज वृद्ध अाश्रममा मृयुलाई पर्खिरहेकी छन्",0
"वृद्ध अाश्रममा मृयुलाई पर्खिरहेकी छन्",0

"लौन यो हाम्रो बेसिसहर देखो -चामे मनाङ सम्म एउटा पानी हाल्ने ट्याङकर मिलाउन पर्यो है",2
"एउटा पानी हाल्ने ट्याङकर मिलाउन पर्यो है",2

"yo broomers बौद्ध जोरपाटी आएन भने म लास्ट रिसाउछु है गाइज",0

"जस्तो पोस्टमा पनि मजाक यार सब का सब पागल को दर्जा दिन लायक छन",0
"सब का सब पागल को दर्जा दिन लायक छन",0
"जस्तो पोस्टमा पनि मजाक यार",0

"राडाबानहरु देश लुटेर रित्तिन लागिसक्यो तिनिहरुलाई केही गर्न सक्दैन  पैसा कमाएर आफ्नो परिवार पाल्छु भन्नेलाई गरिखान दिदैन्,0
थुक्क लाजनभएको कुलङ्घार सरकार",0
"राडाबानहरु देश लुटेर रित्तिन लागिसक्यो",0
"तिनिहरुलाई केही गर्न सक्दैन  पैसा कमाएर आफ्नो परिवार पाल्छु भन्नेलाई गरिखान दिदैन्",0

"रखार तेसैले अब यो पानीपुरिको भाडो जस्ले उठायेको थियो त्यो अपराधिलाई तेहि पानीपुरी को झोल ले आची गर्न लगाएर चाक धुन लगाउनु पर्छ",0
"त्यो अपराधिलाई तेहि पानीपुरी को झोल ले आची गर्न लगाएर चाक धुन लगाउनु पर्छ",0
"यो पानीपुरिको भाडो जस्ले उठायेको थियो",2

"धिकार छ नेपाल कसरी बनोस देश",0
"नेपाल कसरी बनोस देश",0

"SLC सकिने बित्तिकै उसले भागौ भन्दा भागेको भय अहिले अस्ट्रेलिया पुगिसकिन्थ्यो होला भाग्न अल्छी गरियो अहिले जिन्दगिले खेद्दै छ",2
"SLC सकिने बित्तिकै उसले भागौ भन्दा भागेको भय अहिले अस्ट्रेलिया पुगिसकिन्थ्यो",2
"भाग्न अल्छी गरियो अहिले जिन्दगिले खेद्दै छ",0

"यस्मा हाहा React आएन भने म लास्तै रिसाउछु है",0

"नजिककाे तीर्थ लाई हेला गर्ने बानी नेपालीको कहिले गएन",2
"नजिककाे तीर्थ लाई हेला",0
"हेला गर्ने बानी नेपालीको कहिले गएन",0

"एउटा धोती ले दस जना नेपाली ठ्ग्छ भन्थे हजुरबा ले साच्चै रैछ क्या",0
"उटा धोती ले दस जना नेपाली ठ्ग्छ",0

"के तपाईं घर बनाउदै हुनुहुन्छ ?",2
"घर बनाउदै हुनुहुन्छ ?",2

"जिउदो नेपाली लाई ठ्ग्छ भन्थे हो रैछ",2

"यो लोकेन्द्र बाहादुर चन्दलाइ किन सुरक्षा चाहियो र देश भरि गरेर १०० जना कार्यकर्ता नहुने पाटिको नेतालाई कसले के गर्छ र ",2
"यो लोकेन्द्र बाहादुर चन्दलाइ किन सुरक्षा चाहियो",2
"देश भरि गरेर १०० जना कार्यकर्ता नहुने पाटिको नेतालाई कसले के गर्छ र",2

"यहाँ जिन्दगी नै धरापमा रैछ हाम्रो नेपालमा",0
"यहाँ जिन्दगी नै धरापमा रैछ",0

"असली मजा त तेति बेर लाग्छ जब बाटोमा हिन्दै गर्दा ex को बुनु ले भनोस दिदी त्यो हेर्नुस कति राम्रो दाइ",0
"बाटोमा हिन्दै गर्दा ex को बुनु ले भनोस दिदी त्यो हेर्नुस कति राम्रो दाइ",0
"त्यो हेर्नुस कति राम्रो दाइ",0

"लोकेन्द्र बहादुरलाई बेईजत गराउने कामगर्न खोजेजस्तो छन नि उनले",0
"लोकेन्द्र बहादुरलाई बेईजत गराउने",0

"१४ १५ बर्ष पहिलेका प्रम लाई अहिले सम्म सुरक्षा अनि तिनको सुरक्षाकर्मीको घमन्ड । देशको यो हाल देख्दा दया लाग्नि भैसक्यो ",2
"१४ १५ बर्ष पहिलेका प्रम लाई अहिले सम्म सुरक्षा अनि तिनको सुरक्षाकर्मीको घमन्ड ",0
"देशको यो हाल देख्दा दया लाग्नि भैसक्यो ",2

"आज देश र जनताको सुरक्षा दिने सरकारी कर्मचारी जनताको कर बाट परिवार पाल्ने ले अर्को नागरिक लाई लडाएर हिँड्यो रोकेर उपचार को लागी सहयोग सम्म गरेन",0
"लडाएर हिँड्यो रोकेर उपचार को लागी सहयोग सम्म गरेन",0
"उपचार को लागी सहयोग सम्म गरेन",0

"सर्बसाधरण जनतामाथि यस्तो ज्यादती गर्ने नकचरा नकचरीहरुलाई टँडिखेलमा राखेर कंचटमा हानेर कसैले त उँडाइदिए त टन्टै साफ यार",0
"सर्बसाधरण जनतामाथि यस्तो ज्यादती गर्ने नकचरा",0
"टँडिखेलमा राखेर कंचटमा हानेर कसैले त उँडाइदिए त टन्टै साफ यार",0

"आफ्नै बाउ को बिर्ता जतिकै गरेर बाटबाटो मान्छे ठोक्दै हिड्ने यी सरकारी भरौटे हरु ले के सम्झिन्छन् हौं मान्छे को शरीर लाई किरा फटयांग्रा जतिको पनि गन्दैन्न त",0
"आफ्नै बाउ को बिर्ता जतिकै गरेर बाटबाटो मान्छे ठोक्दै हिड्ने",0
"यी सरकारी भरौटे हरु ले के सम्झिन्छन्",0
"मान्छे को शरीर लाई किरा फटयांग्रा जतिको पनि गन्दैन्न त",0

"मुजि बर्दी लाए भन्दै मा मनपरी गर्दै हिड्ने",0
"मुजि बर्दी लाए भन्दै मा मनपरी",0

"f*ck",0
"f**k",0


"चि*ने",0

"चार जना साक्षी राखेर त्यो गाडी सहित ड्राइभरलाई जलाईदेउ बाकी हेरौला",0
"चार जना साक्षी राखेर त्यो गाडी सहित ड्राइभरलाई जलाईदेउ",0
"त्यो गाडी सहित ड्राइभरलाई जलाईदेउ",0

"येस्तै येस्तै कारण हो बिप्लब हरु को जन्म हुने येस्ता पातकी लाई ठाउँ को ठाउँ कार्वाही गर बिप्लव दाजै",0
"येस्तै येस्तै कारण हो बिप्लब हरु को जन्म हुने",0
"येस्ता पातकी लाई ठाउँ को ठाउँ कार्वाही गर बिप्लव दाजै",1

"साला खाते police हरु जन्ता लाई सुरक्षा दिने काम हो उल्टै जनता लाई कुल्चेर हिन्छन दानव हरु",0
"साला खाते police हरु",0
"जन्ता लाई सुरक्षा दिने काम हो",2
"उल्टै जनता लाई कुल्चेर हिन्छन दानव हरु",2

"कता गएछन विप्लवको टिम यस्तो कुकुर पुलिस फोर्सको गाडिमा किन बम पड्किदैन",0
"कता गएछन विप्लवको टिम",2
"यस्तो कुकुर पुलिस फोर्सको गाडिमा किन बम पड्किदैन",0
"गाडिमा किन बम पड्किदैन",0

"यस्ता भातमारा पुलिसले त जनतालाई हेप्छ अनि नेताहरुले यत्रो नहेपोस",0
"यस्ता भातमारा पुलिसले त जनतालाई हेप्छ",0
"पुलिसले त जनतालाई हेप्छ",0
"अनि नेताहरुले यत्रो नहेपोस",2

"या आयेर जति सुकै देशभक्ति देखाएपनी सरकारलाई घन्टा फराक पर्ने वाला छैन",0
"सरकारलाई घन्टा फराक पर्ने वाला छैन",0
"देशभक्ति",0

"तेसको बाउहरुले बनाईदेको बाटो होला तेही भएर तेसरी आखँइ नहेरी चलाको होला साला डन्ठेहरु",0
"तेसको बाउहरुले बनाईदेको बाटो होला",0
"तेही भएर तेसरी आखँइ नहेरी चलाको होला साला डन्ठेहरु",0

"थुईइक तिमीहरुको कुहिएको बुद्दी",0
"कुहिएको बुद्दी",0
"थुईइक",0

"बिल्गेट्स लाई राजेश दाई ले दान मा पैसा दिएर त्यो संसार को धनी मान्छे भएको भन्ने सुनेको थिए",2
"िल्गेट्स लाई राजेश दाई ले दान मा पैसा दिएर",2
"त्यो संसार को धनी मान्छे भएको भन्ने सुनेको थिए"",2

"बिचरा केपी लाई दाईले एकदिन गुट्खा खाने पैसा दिनु भएछ",0
"एकदिन गुट्खा खाने पैसा दिनु भएछ",2
"बिचरा केपी",2

"बर्सौ देखि भारत बाट आएर टिन फलाम सफा गर्नी को मतलव छैन गोराले गरेसी हाल्छ्स रुटिने",0
"बर्सौ देखि भारत बाट आएर टिन फलाम सफा गर्नी को मतलव छैन",0

"अरे रुटिने खोसे जस्तो देखियो है, अर्को फोटो राख यार",2
"अरे रुटिने खोसे जस्तो देखियो है",2
"अर्को फोटो राख यार",2

"बिदेशमा नेपाल को सरसफाइ को लागि भन्दै डोनेसन उठाएर यहा फोटो खिचेर घुम्छ्न जोले केहि बिदेशिहरु रुटिनेलाई यतिकै पोस्ट गर्ने हतार हुन्छ",0
"बिदेशमा नेपाल को सरसफाइ को लागि भन्दै डोनेसन उठाएर यहा फोटो खिचेर घुम्छ्न",0
"जोले केहि बिदेशिहरु",0
"रुटिनेलाई यतिकै पोस्ट गर्ने हतार हुन्छ",0

"विदेशी पनि कहाँको लाटो छ  फोटो खिच्यो रिपोर्ट पठायो अनि टन्न डलर पचायो",0
"विदेशी पनि कहाँको लाटो छ",0
"फोटो खिच्यो रिपोर्ट पठायो अनि टन्न डलर पचायो",0

"नेपाली हरु ले पनि त बिदेश मा गएर toilet सफा गर्छन नि रुटुने",0
"बिदेश मा गएर toilet सफा गर्छन नि",2

"एउटा बच्चो बनाउन नसक्नेले देश बनाउछु भनि लागेको छ साला",0
"देश बनाउछु भनि लागेको छ",1

"सबका सब रोगि अचेत सुड्डोहरु ओखतीमूलो को भरमा उभ्भिएका ल्याङ्ते बुडाहरु देस बनाउन लागेका छन",0
"सबका सब रोगि अचेत सुड्डोहरु",0
"ओखतीमूलो को भरमा उभ्भिएका ल्याङ्ते बुडाहरु",0
"देस बनाउन लागेका छन",1

"आज पाल्तु प्रहरीले दुई युवालाई रास्ट्रपती र प्रधानमन्त्रीको जोक बनाएको अभियोगमा पक्रिएको सुन्दै गर्दा गणतन्त्र त्यही दिन आउँछ जस्तो लाग्दैछ जुन दिन केपि वली मर्नेछ",0
"आज पाल्तु प्रहरीले दुई युवालाई रास्ट्रपती र प्रधानमन्त्रीको जोक बनाएको अभियोगमा पक्रिएको",1
"गणतन्त्र त्यही दिन आउँछ जस्तो लाग्दैछ जुन दिन केपि वली मर्नेछ",0
"गणतन्त्र त्यही दिन आउँछ जस्तो लाग्दैछ",2

"होस गर आफै बन्द होलास",0

"सरकार सक्छस भने बलत्कारिलाई समातेर देखा  बिचरा तीन लाई किन समातछस",1
"सरकार सक्छस भने बलत्कारिलाई समातेर देखा",1
"बिचरा तीन लाई किन समातछस",1

"झन्डै  गु झर्ने गरि हान्यो डन्ठे ले",0
"हान्यो डन्ठे ले",0

"गफ लगाउछस",0

"यो पनि ति नै काम चोर त हुन् नि",0
"काम चोर त हुन् नि",0

"जनताको मुख टाल्ने काम मात्र हो यो देखावोटि",0
"जनताको मुख टाल्ने काम मात्र हो",0
"यो देखावोटि",2

"बरु दुइ दिनको घुस देउन, दुइ दिनको तलब त थोरै भयो",0
"बरु दुइ दिनको घुस देउन",0
"दुइ दिनको तलब त थोरै भयो",2

"बरु २ प्लेट मम खानेहो तर पैसा दान नदिने हो",0
"बरु २ प्लेट मम खानेहो",2
"पैसा दान नदिने हो",0

"भुत्रोको सहयोग गर्नु",0

"के पी बाको र बिद्या देवीको जोडी राम्रो छैन",0
"जोडी राम्रो छैन",0

"देश को लुटेरा हरुको बिल्ला हानेको ठिक छ",0
"बिल्ला हानेको ठिक छ",0

"थुक्क मुजी आफुले जाबो फेसबूकमा बिल्ला भाको देख्न सक्दैनस",0
"फेसबूकमा बिल्ला भाको देख्न सक्दैनस",2

"विद्याको अगाडी हेरो हुन तेस्तो नाटक गरेको हो",0
"तेस्तो नाटक गरेको हो",2

"Muji j lai pani craze navantah",0

"Timi nisturi vayarani",0

"सबै स्वार्थ मै चलेको हुन्छन",0

"Dherai dukh lagyo",0

"यत्रो हुन्छ समृध्द राष्ट",0
"समृध्द राष्ट",1

"मोैलिक अधिकार माथि हनन हुन्छ",0

"जब सम्म नातावाद  कृपावाद  नेतावाद पुजिवाद इत्यादिको बिगबिगी हुन्छ तबसम्म न्याय क्षेत्रमा केही आशा नगरे हुन्छ",1
"न्याय क्षेत्रमा केही आशा नगरे हुन्छ",1

"सुसासनयुक्त अनि मर्यादित बनाउनु",1
"मर्यादित बनाउनु",1

"विडम्वना जे नहून पर्ने हो त्यो नै हून्छ यहा",2
"विडम्वना जे नहून पर्ने हो",0
"त्यो नै हून्छ यहा",2

"राजनितिक दवाव र नातावाद भष्टाचारी",0
"राजनितिक दवाव",0
"नातावाद भष्टाचारी",0

"Aafu bhanda Handsome bhayerw hola dekhdai rish uthch",0
"Aafu bhanda Handsome bhayerw hola",0
"hola dekhdai rish uthch",0

"नेपालमा न्याय नै पाउन निकै गाह्रो छ जस्तो लाग्छ",2
"नेपालमा न्याय नै पाउन निकै गाह्रो छ",0

"न्यायको विपरित हुने काम गरेकै देखिन्छ",0
"विपरित हुने काम गरेकै देखिन्छ",0

"Nepal ma kehi hunewala chhaina",0

"Nayalaya lai rajnaitik aguwa haru le sanchalan garnu hudaina ra aafna ra aafanta vana xodanu parx",1
"Nayalaya lai rajnaitik aguwa haru le sanchalan garnu hudaina",1
"aafna ra aafanta vana xodanu parxa",0

"झोले कार्यकर्ताहरु",0

"अरु कुरा सबै गफ हुन",2

"चाकडी, दलाली र भष्टाचारी",0

"बिचरा",2

"पिडितहरु अहिले गाँस बाँस कपास विहिन भएका छन्",0
"गाँस बाँस कपास विहिन भएका छन्",0

"यस्तो काम मन पर्दैन",0

"उनिहरुले तराईका रैथाने नेपालीलाई कहिल्यै राम्रो होस् भन्ने चाहदैन ",0
"कहिल्यै राम्रो होस् भन्ने चाहदैन",0

"नेपाली बीर गोर्खाली भन्ने त इतिहासमा पढ्न मात्र पाइन्छ देख्न त कहिल्यै पाइएन",0
"नेपाली बीर गोर्खाली भन्ने त इतिहासमा पढ्न मात्र पाइन्छ",0
"देख्न त कहिल्यै पाइएन",0

"यहाँ दलाल ठेकेदारहरुले देश चुसेर सकिसके",0
"देश चुसेर सकिसके",0

"This is disrespectful साला आकासले नि मेकअप गरेको छैन",0
"This is disrespectfu",0
"साला आकासले नि मेकअप गरेको छैन",0

"ब्रम्हाले हैन शिव संकरले गाजाको धुवा फालेर यो galaxy बनेको हो",2

"यस्तो जाडो दिनमा पनि के चटक हो",0
"के चटक हो",0

"के कति छेती भयो बिवरण पाउन",2
"बिवरण पाउन",2

"आजकालका केटाकेटी सहयोग त चाक तिरा हलेर हिडेका छन",0
"सहयोग त चाक तिरा हलेर हिडेका छन",0

"लुट्न सक्य लुट् कान्छ लुट्न सक्य लुट्",0
"लुट्न सक्य लुट्"

"हुर्केको दुई साथिले गेडा समाएर पैसा कमाए एउटा सन्दिपले अर्कि उनिले",0
"हुर्केको दुई साथिले गेडा समाएर पैसा कमाए",0
"एउटा सन्दिपले अर्कि उनिले",2

"म लास्ट रिसाउछु है गाइज",0

"Live हेर्दैछु भन्न पर्दैन जाठा",0

"धोबी पछाड खायो आज",2

"दरो चुट्यो मोराहरूले",0

"बादर झै लखेट्ने दिन हरु नजिकिदैछन जस्तो लाग्छ मलाई",0
"बादर झै लखेट्ने दिन हरु नजिकिदैछन",0

"राम्रो औरेजि जान्दोरछौ उद्योगमन्त्री यादव लाई पनि सिकादेउन लास्टै बेजत गरो अस्ति औरेजि बोलेर",0
"लास्टै बेजत गरो अस्ति औरेजि बोलेर",0

"Dear मर्न नसकेकी ex फोटो हाल्दा अलि edit गरेर हाल्ने गर",0
"Dear मर्न नसकेकी ex",0
"फोटो हाल्दा अलि edit गरेर हाल्ने गर",2

"यो समाजले accept गर्ला",2

"युद्ध त तिमी र म बिच थियो तर सहिद हाम्रो माया बन्न पुगेछ",2
"युद्ध त तिमी र म बिच थियो",2
"सहिद हाम्रो माया बन्न पुगेछ",2

"नेत्र विक्रम चन्द विप्लव नेतृत्वको नेपाल कम्युनिष्ट पार्टीद्वारा वैशाख ५ गते नेपाल बन्दको आह्वान",2
"वैशाख ५ गते नेपाल बन्दको आह्वान",0

"अंग्रेजिमा Foodmario नेपालीमा भातमारा",0
"नेपालीमा भातमारा",0

"थुक्क साला यस्ता धोती को birthday मा पिक हालेर wish गर्ने अस्ति मेरो जन्म दिन मा किन हालिनस",0
"थुक्क साला यस्ता धोती को birthday मा पिक हालेर wish गर्ने",0
"अस्ति मेरो जन्म दिन मा किन हालिनस",2

"म त नेपाली हुम यार नेपाली भन्दा धोती ठूलो तलाइ",0
"नेपाली भन्दा धोती ठूलो तलाइ",0

"Naam ni ramrari lekhna naaune le kna post halnu ho",2

"बर्थ डे विष भोलि दियेको भयेनी हुने रुटिने कि त बिहानै दिनु भुलिस क्या हो मुला येति बेला विष पो गर्छ",0
"बर्थ डे विष भोलि दियेको भयेनी हुने",0
"त बिहानै दिनु भुलिस क्या हो मुला येति बेला विष पो गर्छ",0

"याे गधाको अनुहार परेको घोडालाई पनि birthday wish गर्नु पर्ने हामीले थुक्क",0
"याे गधाको अनुहार परेको घोडालाई पनि birthday wish गर्नु",0

"आलु",2

"आफ्नो आमाको जन्मदिन थाहा नहुनी भुराहरुको नाटक",0
"भुराहरुको नाटक",0

"झल्लु",0

"chuchho manav",0

"xya",0
"hepdira k",0

"maile talai nachineko hora kasto xas",2

"aakha futaidinu parney ttero ta",0

"Sab modi vaiyaa ko khel",2

"यिनिहरुको भ्रष्टाचार",2

"धार्मिक अतिवाद विरुद्धको आक्रमण हो",0

"राष्ट्रको अहितमा काम गर्ने राष्ट्रघाती हरुलाई सिधै ठोक्ने बेला हो",0
"राष्ट्रको अहितमा काम गर्ने",0
"राष्ट्रघाती हरुलाई सिधै ठोक्ने बेला हो",0

"कुकुर लाई बिच रोडमा ल्यायेर मारनु प्रछ",0
"बिच रोडमा ल्यायेर मारनु प्रछ",0

"CHOR FATA",0

"Sala kutta goli thok hunxa",0

"Bhattarai Daka ho",0

"ko ho yo fatta",0

"नेपाली कांग्रेस सुतेको सुतैछ",0

"अनुहार हेरे पनि लोद्दर लाग्छ यो बिदेशी हरु को पाल्तु कुकुर को",0

"सबै पाटिका 60 काटेका सबै नेतालाई बरखास्त गनुँ पछँ",0
"सबै नेतालाई बरखास्त गनुँ पछँ",0

"तिमीहरू कै बाटोमा छन् डबल नेकपा मिलेर लुट् अनि खाउ देशको मुटु कलेजो,हजार पुस्ता सम्म देश र माटोको अासुको भार बोक्नेछ तिमीहरूको पुस्ताले",0
"तिमीहरू कै बाटोमा छन्",2
"डबल नेकपा मिलेर लुट् अनि खाउ देशको मुटु कलेजो",0
"माटोको अासुको भार बोक्नेछ तिमीहरूको पुस्ताले",2

"मुखमा घाँस हालेको छ अनि के बोल्ने त",0
"मुखमा घाँस हालेको छ",0
"अनि के बोल्ने त",0

"उ आफैले घाँस खाएर बहुलाएको बेला अरुलाई के प्रश्न गरेको",0
"अरुलाई के प्रश्न गरेको",0

"Gadha bacha gadha nai huncha tyaisaile tyo saale gadha nai ho",0
"Gadha bacha gadha nai huncha tyaisaile",0
"tyo saale gadha nai ho",0

"Tyo vate Bhattarai lai k chetana vaya vane aba sarkar le sajaye nadiye janata le talai fasi dinexan chetana vaya",0
"Tyo vate Bhattarai lai k chetana vaya vane",0

"यो सबै भन्दा फटा देशद्रोही हो",0

"धार्मिक अतिवाद विरुद्धको आक्रमण हो",0

"thekka leko xu",0

"Pu is no pokhara university. Itz actually means Pakhe university",0
"Itz actually means Pakhe university",0
"Pu is no pokhara university.",2

"आमा माया",0

"दशै आउनु भनेको कागलाई बेल पाक्यो हर्ष न बिस्मात जस्तै हो",2

"ज्यानको बाजि चल्दै छ यहाँ",0

"Mc ko ho tyesto garne chai mug lai jhapa ko kakarvitta vane thaw pothaedinuna haju",0

"कानुन नै छैन नेपाल मा",0
"कानुन नै छैन",0

"थुक्न मन लाग्छ नेता अनि सरकार लाई",0
"थुक्न मन लाग्छ",0

"पुरुष भनेर ठाडो शिर बनाएर हिड्नु नि गार्हो यि पृथिवी को भार हरुले गर्दा",0
"पुरुष भनेर ठाडो शिर बनाएर हिड्नु नि गार्हो",0
"ि पृथिवी को भार हरुले गर्दा",0

"नारिको सुन्दरतामा आखा लगाउने त्यो पापीलाइ मृत्यु पछि नि आत्मा पोलिरहोस",0
"्यो पापीलाइ मृत्यु पछि नि आत्मा पोलिरहोस",0

"Dhoti should nt cross their limit",0

"बुडिमाथी चड्या जस्तो सजिलो हुन्छ र मेरो देश को हिमाल चड्न",0
"बुडिमाथी चड्या जस्तो सजिलो हुन्छ",0
"मेरो देश को हिमाल चड्न",2

"रेलको पट्रीमा हगे जस्तो सजिलो हुन्छ र मेरो देशको हिमाल चड्न",0
"रेलको पट्रीमा हगे जस्तो सजिलो हुन्छ",0

"हिमाल चढ्नु भन्दै पान बेच्नको लागि हिमालमा गयो होला साले भेले",0

"अनि एक जाना कसरी Missing भयेछ त यार सेतो हिमालमा कालो मुन्छे सर्लक्कै देख्नु पर्ने हो त",0
"अनि एक जाना कसरी Missing भयेछ त",2
"यार सेतो हिमालमा कालो मुन्छे सर्लक्कै देख्नु पर्ने हो त",0

"Mula dhoti Rip",0

"Bichara Dhotiharu",0

"Ek jana dhoti kasari missing vayo thyo pani himal maaa",0
"Ek jana dhoti kasari missing vayo",0

"Tyo budo ley lukera hereko her na tya",2

"खुलेआम मेरो X लाई यसरी पर्किन पाहिदैन",2
"यसरी पर्किन पाहिदैन",0

"मुटु चाही हो  आफु त सर्प भनेपछी ** बाट धुवाँ निस्किन्छ",2
"सर्प भनेपछी ** बाट धुवाँ निस्किन्छ",0

"And what about protecting snakes from people?",2
"protecting snakes from people",0

"Music: am I a joke to you",2

"तेरि मा चिनी चिया पत्ती",0

"हेर नागा अब सुतेको उठेको हगेको पोस्ट गर",2

"राम्री केटि त देख्नै हुन्न अनेकथरी कुरा आउँछ",2
"राम्री केटि त देख्नै",0

"जे होस बौद्धबासिले देखाए चुतिया सरकारलाई",0
"चुतिया सरकारलाई",0

"जुम्लाका मालपोत अधिकृत जुम्लाको गुठिचौर गाउँपालिका-४ बाउलीगाउँका गोविन्दप्रसाद न्यौपाने बालुवाटार भन्दा दोब्बर ५९० रोपनी सरकारी जग्गा श्रीमती, छोरी र १४ जना नातागोताको नाममा पास गराएको पाइएको छ। हाल सेवा निवृत्त न्यौपानेले सेवामा रहँदा २०६६ सालमा गुठिचौरस्थित राष्ट्रिय भेडाबाख्रा अनुसन्धान फार्मको जग्गा आफ्नो नाममा गराएका थिए ।",2
"जुम्लाका मालपोत अधिकृत",2
"जुम्लाको गुठिचौर गाउँपालिका-४ बाउलीगाउँका गोविन्दप्रसाद न्यौपाने बालुवाटार भन्दा दोब्बर ५९० रोपनी सरकारी जग्गा श्रीमती, छोरी र १४ जना नातागोताको नाममा पास गराएको पाइएको छ",2
"हाल सेवा निवृत्त न्यौपानेले सेवामा रहँदा २०६६ सालमा गुठिचौरस्थित राष्ट्रिय भेडाबाख्रा अनुसन्धान फार्मको जग्गा आफ्नो नाममा गराएका थिए ",2

"Development ko lagi pani andolan nai garnu parne, Hait,",0
"andolan nai garnu parne",0

"नेपालमा बिकासकाे कामले गतिलिएन भने बाैध्दकाे जस्तै गरी नारा जुलुस र ढुङ्गा मुडाले बाटो बन्द गरेमात्र काम हुने रहेछ ।",0
"जुलुस र ढुङ्गा मुडाले बाटो बन्द गरेमात्र काम हुने रहेछ",0

"आन्दोलन गर्ने जनता Tax तिर्ने जनता अनि भुत्रा धन्यवाद सरकार",0
"आन्दोलन गर्ने जनता Tax तिर्ने जनता",1

"बिकासको लागि आन्दोलन गर्नु पर्छ भन्ने सिकायो बौद्ध बासिन्दाले",2
"बिकासको लागि आन्दोलन गर्नु पर्छ",1

"हाहा  टायर नबाली समृद्दी नआउने रहिछ अझै",2
"समृद्दी नआउने रहिछ अझै",0

"न्यायको आवाज हराउदौ गयो म त सझाउन मात्र आएको हो एउटि निर्मला त हराइ गइन तर याद राख तिम्रो मेरो घरमा एउटि निर्मला छिन  सरकार न्याय देउ",2
"न्यायको आवाज हराउदौ गयो ",0
"उटि निर्मला त हराइ गइन",0
"न्यायको आवाज हराउदौ गयो म त सझाउन मात्र आएको हो",1
"याद राख तिम्रो मेरो घरमा एउटि निर्मला छिन",2
"सरकार न्याय देउ",0

"Aapey Australia navaan vaneko haina astiko postma",2

"अनी आजको भाडा चाई को ले माझ्छ त सबै जना नेपाली जात्रै जात्रा हेर्न आए सी",0
"अनी आजको भाडा चाई को ले माझ्छ त",2
"सबै जना नेपाली जात्रै जात्रा हेर्न आए सी",2

"Wow ghanta jasto post thanks for sharing",0
"ghanta jasto post",2

"हामी नेपाल मा हुनेले हेर्न पायका छैनम अष्ट्रेलिया वालाले हेरिसके",2
"हामी नेपाल मा हुनेले हेर्न पायका छैनम",2
"अष्ट्रेलिया वालाले हेरिसके",2

"J vaney ni nepal is garib desh",0

"तिमी बिना बाच्दिन भन्थी अहिले भुत सङ्ग टासिएर जात्रा हेर्दै रहिछ निधेनी ले",0
"तिमी बिना बाच्दिन भन्थी",1
"हिले भुत सङ्ग टासिएर जात्रा हेर्दै रहिछ निधेनी ले",0

"लुट्न जाम त म",0

"Aba kp suddo le pheri gf lai pherii arko gift dine vhayo",0

"bike पछाडी राखेर बिदेश जानेका बुढीहरु डुलाउन कम्ता रमाईलो हुने थिएन ........ यो नामर्द सरकारले यती नियम पनी ल्याउन सकेन",0
"bike पछाडी राखेर बिदेश जानेका बुढीहरु डुलाउन कम्ता रमाईलो हुने थिएन ",0
"यो नामर्द सरकारले यती नियम पनी ल्याउन सकेन",0

"अरे Joke चलेछ के नेपाल मा??? नेपाली जनता जोक सुन्दैछन येस्तो पनि देश बनाउनी नेता पुलिश रे थुक्क येति त भन्न पाइन्छ होला पुलिश ले थुन्दैन",0
"अरे Joke चलेछ के नेपाल मा???",1
"नेपाली जनता जोक सुन्दैछन",2
"येति त भन्न पाइन्छ होला पुलिश ले थुन्दैन",2

"Hamlet shop is feeling sad with nepal government and 38 others",0
"Hamlet shop is feeling sad ",0

"Nepal government gonna mad",0

"गाई, गोरु, भैँसी,उँट को मासु खाने दिन छिटै आउँदैछ।",2
"मासु खाने दिन छिटै आउँदैछ।",1

"हामिलाई बाल नेपाल छोडी जानू र श्रीमती पोइल जानू एउटै होइन",0
"नेपाल छोडी जानू र श्रीमती पोइल जानू एउटै होइन",0

"यो झारे नेपाली हैन नेपाल को नागरिकता त्याग्ने जति सबै झारे लाग्छ्",0
"यो झारे नेपाली हैन",0
"नागरिकता त्याग्ने जति सबै झारे लाग्छ्",0

"बिध्यासुन्दर शाक्यले जस्तै गरि काम गरेर देखाएर नेपाल को नाम राख्नु!!शुभकामना सम्धि",1
"नेपाल को नाम राख्नु",1

"म खुसी छैन",0

"नेपालमा मेयर उपमेयर, प्रधानमन्त्री हुन त ८ फेल हुनुपर्छ ।",0
"प्रधानमन्त्री हुन त ८ फेल हुनुपर्छ ।",0

"मुलाहरुले playstore bata altimeter download गरेर गएको भए height थाहा भैहाल्थ्यो, बेकारमा यत्रो खर्च गरेछन्",0
"मुलाहरुले playstore bata altimeter download गरेर गएको भए height थाहा भैहाल्थ्यो",0
"बेकारमा यत्रो खर्च गरेछन्",0

"बल्ल बल्ल हिमाल चढ्न पा हुन  खुशीको साथ जोस जागर चलेर मात्रै हो... नत्र त्यस्तै कुनै ठाउ कालो पत्रे बनाउनु पर्ने भए अल्छी गरेर कति समय लाइदिन्थे",1
"बल्ल बल्ल हिमाल चढ्न पा हुन  खुशीको साथ जोस जागर चलेर मात्रै हो...",1
"नत्र त्यस्तै कुनै ठाउ कालो पत्रे बनाउनु पर्ने भए अल्छी गरेर कति समय लाइदिन्थे",0

"Aba Everest ko height ghatera record garney bho ,paisa khako cha tyo ghosiya napi bibhag ley",0
"Aba Everest ko height ghatera record garney bho",2
"aisa khako cha tyo ghosiya napi bibhag ley",0

"त्यो टुप्पोको कति आना जग्गा कोकोस्ले आआफ्नो नामसारी गरेर आउने भए, कमाउनिष्ट सरकार",0
"त्यो टुप्पोको कति आना जग्गा कोकोस्ले आआफ्नो नामसारी गरेर आउने भए",0
"कमाउनिष्ट सरकार",2

"सबै भन्दा झुटो बोल्ने गीत हो यो",0
"झुटो बोल्ने गीत हो",0

"छिनको छिनमै झुट बोल्दिने तरिका हो",0
"छिनको छिनमै झुट बोल्दिने",0

"खल्तिमा भएको हात्ती उडेर सुढ मात्र झुन्डिराखेको रैछ त",2
"सुढ मात्र झुन्डिराखेको रैछ त",2

"अरु भन्या त्यस्तै हो सुत्ने बेला प्याट प्याट पार्न पाउने मुजि नि भाग्यमानी नै हो",2

"कता हो भाइ आज दुलो भेटियो रेन्त ",2

"अब त झन केटि देख्यो कि बिस्वास नई मर्यो",0
"बिस्वास नई मर्यो",0

"मुटु माथी ढुङ्गा राखी हास्नु पर्या छ",0
"हास्नु पर्या छ",1

"कयौंको घरमा खाना नपाक्न सक्छ",2
"खाना नपाक्न सक्छ",0

"अर्काको प्रगति नसुनाइराख भन्या हैन मैले",0
"नसुनाइराख भन्या हैन मैले",2

"खाना खाने बेला किचकिच गरे",0

"कस्ता कार्यकर्ता पालेको बिप्लपले सालेहरु एउटा बम पनि राम्रो सङ्ग लान सक्दैनन्",0
"कस्ता कार्यकर्ता पालेको बिप्लपले",0
"सालेहरु एउटा बम पनि राम्रो सङ्ग लान सक्दैनन्",0

"Amamamamama kati hau chatak pani biplav ji ko",0

"थुक्क जाठा बिस्तारै लानु पर्दैन गाडिमा हल्लेर पड्केको होला",0
"थुक्क जाठा बिस्तारै लानु पर्दैन",0
"गाडिमा हल्लेर पड्केको होला",2

" भोलि, तेरो स्कुल, कलेज र अफिस बिदा छैन भने।बिहानै गेटमा गएर प्रेसर कुकर राखिदे। अनि, दिन भरी सुतेर बस्लास।",0
"भोलि, तेरो स्कुल, कलेज र अफिस बिदा छैन भने।बिहानै गेटमा गएर प्रेसर कुकर राखिदे।",0
"दिन भरी सुतेर बस्लास।",1

"कि सुक ढुङ्गा मा थुकेर गरिन्छ सिक्का मा हैन।।।थेउरी नै थाहा नभएको ले एक्सपेरिमेन्ट को धाक दिन्छ साला ।",0
"कि सुक ढुङ्गा मा थुकेर गरिन्छ सिक्का मा हैन।।",2
"।थेउरी नै थाहा नभएको ले एक्सपेरिमेन्ट को धाक दिन्छ साला",0

"हामी जनता लास्त रिसाउछौ तिमिसङ फेरि",0

"अरु कुरा कुन कुन कुरा चाहिँ ब्यान गर्छौ हे डाम्ना हो",2
"अरु कुरा कुन कुन कुरा चाहिँ ब्यान गर्छौ",2
"डाम्ना हो",0

"चाक मा बुद्धि भको मान्छे हरु को लागि होला",0
"चाक मा बुद्धि भको",0

"ए बाबु तिमि यस्ता बकमफुसे अपडेट भन्दै पोष्ट नगर के । समाचार पोष्ट गर्न लाई हजारौ मिडिया छन ।",0
"ए बाबु तिमि यस्ता बकमफुसे अपडेट भन्दै पोष्ट नगर के ",0
"समाचार पोष्ट गर्न लाई हजारौ मिडिया छन ।",2

"तर तिम्रा ति नमिठा अस्विकार्ले",0
"नमिठा अस्विकार्ले",0

"तिमी भन्दा निकै पर.. ल्यैपुरायो",2

"त्यो समझना जहाँ तिमी घरी घरी आउछेउ अनि जिस्क्यायर जान्छेउ",0
"त्यो समझना जहाँ तिमी घरी घरी आउछेउ",0
"अनि जिस्क्यायर जान्छेउ",0

"अनी अर्को सपना जहाँ तिमी घरी घरी आउछेउ अनि झस्क्यायर जान्छेउ",0
"अनि झस्क्यायर जान्छेउ",0
"अनी अर्को सपना",2

"किनकी दुबैमा तिम्रो नमिठो उपस्थिती छ",0
"तिम्रो नमिठो उपस्थिती छ",0

"तेही उपस्थिती ले समझनाको मिठास अनि सपनको मजा खोसी लगेको छ |",0
"समझनाको मिठास अनि सपनको मजा खोसी लगेको छ |",0

"सपना अनि समझना, सुन्दा फरक छन तर तर, मेरो जिवनमा दुबैले यौटै अर्थ राख्छ, त्यो समझना जहाँ तिमी घरी घरी आउछेउ अनि जिस्क्यायर जान्छेउ अनी अर्को सपना जहाँ तिमी घरी घरी आउछेउ अनि झस्क्यायर जान्छेउ जिवनका दुइ भिन्न पाटा आज यौटै भयका छन किनकी दुबैमा म्रो नमिठो उपस्थिती छ र तेही उपस्थिती ले समझनाको मिठास अनि सपनको मजा खोसी लगेको छ |",0

"तिमीलाई सधैं अगाडि राखन मन थियो आँखा भन्दा अगाडि, मन भन्दा अगाडि, अनी जीवन भन्दा अगाडि, तर तिम्रा ति नमिठा अस्विकार्ले  तिमी भन्दा निकै पर.. ल्यैपुरायो तेसैले त तिम्रो नामको पहिले अक्षर मात्र अगाडि राख्न पायको छु।",2
"तिमीलाई सधैं अगाडि राखन मन थियो",0

"मेरो मोबाईल ले काम गरेको छैन",0
"काम गरेको छैन",0

"के तपाईं DFLP को बारेमा अलिकति बन्न सक्नुहुन्छ?",2

"यो सामान नेपालमा भरि उपलब्ध हुनुपर्छ ।",2

"यसको मूल्य कति ?",2

"मूल्य कृपया",2

"ब्रिज मेकअप गर्नको लागि सबै सामान पाइन्छ",2

"पीपी मलाई यो चाहिन्छ, म यो कसरी प्राप्त गर्न सक्छु?",2
"पीपी मलाई यो चाहिन्छ",1
"म यो कसरी प्राप्त गर्न सक्छु?",2

"यो अफर कति दिनसम्म हुनेछ",2

"कति हो मिलाएर ?",2

"मैले यो मेरो  पति र चाचालाई क्रिसमस उपहारको रूपमा दिए",1

"मैले मेरो फायर एचडीलाई 8 दुई हप्तामा गरेको छु र म यो मनपरौछु",1
"म यो मनपरौछु",1
"मैले मेरो फायर एचडीलाई 8 दुई हप्तामा गरेको छु",2

"मैले यो मेरो  छोरीको लागि किनेको थिएँ जब मैले भेट्टाएकी छु",2
"मैले यो मेरो  छोरीको लागि किनेको थिएँ",2
"ैले भेट्टाएकी छु",2

"खोइ त कुपन नैइ एसेप्ट गर्दैन त",0
"खोइ त",2

"तपाईंले नेपालका चुनिंदा शहरहरूलाई डेलिभरी गरेर सबै नेपालमा वितरण गर्छै किन भन्नहुन्छ कृपया जनतालाई भ्रमा नपार्नुहोस्",2
"तपाईंले नेपालका चुनिंदा शहरहरूलाई डेलिभरी गरेर सबै नेपालमा वितरण गर्छै",2
"कृपया जनतालाई भ्रमा नपार्नुहोस्",1

"मलाई जरुरी कुरा सबै गर्दछ",2
"जरुरी कुरा",2

"ज्येष्ठ नागरिक परिवारका मार्गदशक व्यक्तित्व हुन्",1

"Mailey kineko saman paye",2
"kineko saman paye",2

"सेवा दिन को लागि आझै धेरै नै कुरा सुधार गर्न पर्ने छ",2
"आझै धेरै नै कुरा सुधार गर्न पर्ने छ",2

"दिनु भएको सुबिधा धेरै नराम्रो पनि होइन",2
"ेरै नराम्रो पनि होइन",2

"नेपाल एक कृषि देश हो",2
"एक कृषि देश हो",2

"म विरामी महसुस गर्दैछु",2

"म खेल मनोरञ्जनको लागि खेल्छु",2
"मनोरञ्जनको लागि खेल्छु",2

"म तिमीलाई मन पराउछु",1

"रोजगारीको लागि नेपाल राम्रो छैन",0
" नेपाल राम्रो छैन",0

"सरकारले कृषिलाई ध्यान दिनुपर्छ",1
"ध्यान दिनुपर्छ",1

"म अस्पताल जान्छु",2

"हामीले बढी रूख रोप्नुपर्छ",1
"रूख रोप्नुपर्छ",1

"मलाई औषधि दिनुपर्छ",2

"सरकारले कृषिलाई ध्यान दिनुपर्छ",1
"कृषिलाई ध्यान दिनुपर्छ",1

"म अस्पताल जान्छु",2

"People don't have trust on online payment.",0
"trust on online payment.",1

"कस्तो दु:ख लाग्दो प्रकृया",0
"दु:ख लाग्दो",0

"तिमी मसँग जिस्किदै छौ",2

"seven semester ma pugiyo",2

"Kathmandu ko sabai dhulo le matra 2 ota sahara desert banchha",2

"बिरामी भइयो अब भोलि जानू पर्ला",2

"आगो त नामले बदनाम छ,मान्छेहरु मेरो मुस्कानले जल्दैछन रे",2
"आगो त नामले बदनाम छ",2
"मान्छेहरु मेरो मुस्कानले जल्दैछन रे",0

"कच्चि बाटो पानी परे हिलो घाम लागेसी धूलो",2
"पानी परे हिलो",2
"घाम लागेसी धूलो",2

"भ्रष्टाचारि नेता साफ गर्ने कुनै साधन बनाए ल्याए",0

"पैसा बढ्दै गयाे",2

"घरका छानाेले अाकाश छुन लागे",2

"दिनहुँ खाईने भाेजनमा पनि अनेकौं परिकारहरु अाउन थाले",2
"अनेकौं परिकारहरु अाउन थाले",2

"धोती को देश नबनोस सगरमाथा को देश बनोस शुभकामना",2
"धोती को देश नबनोस",0
"सगरमाथा को देश बनोस शुभकामना",1

"अाज मान्छे सँग अथाह पैसा र सम्पत्ति छ तर मनमा काडा छ",1
"मनमा काडा छ",2
"अाज मान्छे सँग अथाह पैसा र सम्पत्ति छ",2

"बेरोजगार हरुको काम खोस्ने मेसिन आएछ बल्ल  कम्ता नाटक देखिन काठमाडौं मा फोहोर सफा गर्दै हिड्ने हरु",0
"बेरोजगार हरुको काम खोस्ने मेसिन आएछ बल्ल",0
"कम्ता नाटक देखिन काठमाडौं मा फोहोर सफा गर्दै हिड्ने हरु",0

"राति सफा गर्छ दिनभरि खनेर धुलाे बनाउछ घण्टा सफा हाेस",0
"ाति सफा गर्छ",0
"दिनभरि खनेर धुलाे बनाउछ घण्टा सफा हाेस",2

"हाम्रो तिर चै कहिले आउछ",2

"गेरन्डि हस्पिटलमा छ",2

"तर म टाढा छु",2

"भुगोल पार्क मा गरिएको रगत डोनेसन चाहिँ कता जान्छ",2

"बाउले माया गरेर भात ख्वाइदिँदा बटारिने छोरी boyfriend ले pills ख्वाइदिँदा घुटुक्क निल्छे",2

"आमाले छोरी मलाई सन्चो छैन बजार सम्म गएर सब्जी लिएर अाइजा न भन्दा रिसाउने छोरी राती बाह्र एक बजे सम्म आयो हान्दे  लुकेर है लुकेर  त्यता हैन अली तल तल  कस्तो ठाउमै मै हान्देको blood नै blood भयो भन्दै PUBG खेल्छन ",2
"आमाले छोरी मलाई सन्चो छैन बजार सम्म गएर सब्जी लिएर अाइजा न भन्दा रिसाउने छोरी",0
"राती बाह्र एक बजे सम्म आयो हान्दे  लुकेर है लुकेर  त्यता हैन अली तल तल  कस्तो ठाउमै मै हान्देको blood नै blood भयो भन्दै PUBG खेल्छन",2

"मनपरि नबोलौँ भन्छु साला यस्तै पोष्ट देखेपछि दिमाग तातिन्छ",2
"मनपरि नबोलौँ भन्छु साला",0
"यस्तै पोष्ट देखेपछि दिमाग तातिन्छ",0

"पढ् केटा हो पढ्के टीले नम्बर देली तर मास्टर ले दिँदैन",2
"पढ् केटा हो",1
"मास्टर ले दिँदैन",0

"यदि गाडी हिँड्ने बाटोमा पार्किङ्ग गरेर राखेको उठाउन मिल्छ भने सर्वसाधारण जनताको बाटो छेकेर हिद्नै नमिल्नेगरी राखिएका यी जस्ता धेरै किन समात्न नमिल्ने",2
"गाडी हिँड्ने बाटोमा पार्किङ्ग गरेर राखेको उठाउन मिल्छ",1
"सर्वसाधारण जनताको बाटो छेकेर हिद्नै नमिल्नेगरी राखिएका यी जस्ता धेरै किन समात्न नमिल्ने",2
"जनताको बाटो छेकेर हिद्नै नमिल्नेगरी राखिएका",0

"हैन त्यो तीन फिट जती जमिन ढाक्ने पानीपुरिको साईकल लेर जानू भन्दा तीनसय  मिटर जमिन ढाकेको फोहोर को डङ्गुर उठा बिच बाटोमा जोगिको लट्टा जस्तो तार गुजुल्टेको बत्तिको जुन पोल ठड्यायेको हुन्छनी त्यो हटा",2
"हैन त्यो तीन फिट जती जमिन ढाक्ने पानीपुरिको साईकल लेर जानू भन्दा तीनसय  मिटर जमिन ढाकेको फोहोर को डङ्गुर उठा",2

"तस्बिर मा देखेको कुरालाई सरासर अन्याय भयेको ठहर गरे मैले चै",2
"अन्याय भयेको ठहर गरे मैले चै",0

"अहिले नगरपालिकाको कर्मचारीले यसरी गाडा उठाउँछ अनी बेलुका उस्कै छोरी चट्पटे खोज्दै त्यै फुटपाथमा जान्छे",2
"अहिले नगरपालिकाको कर्मचारीले यसरी गाडा उठाउँछ",2
"बेलुका उस्कै छोरी चट्पटे खोज्दै त्यै फुटपाथमा जान्छे",2

"अव्यवस्थित रुपमा पार्किङ गरिएका हुन्डाई किया मित्सुविसी टोयोटा टाटा इत्यादीका रातो प्लेटका गाडी हरुलाई न त ट्राफिकले आँखा लगाउँछन महानगरपालिकाले नै",2

"मारमा पर्नेहरु सधैं गरिब र लाटासोझाहरु नै हुन्",1
"मारमा पर्नेहरु सधैं गरिब",2

"सबैजनाले यो देख्ने बित्तिकै लब रियाक्ट वा लाईक गर्नुहोला",1
"लब रियाक्ट वा लाईक गर्नुहोला",1

"डिग्री पढेकाहरु कोरिया जान फारम भर्दैछन",0
"कोरिया जान फारम भर्दैछन",2

"शहर को बेथा गाउ मा के थाहा गाउ को बेथा हामी लाई के थाहा",2
"शहर को बेथा गाउ मा के"

"कडा जवाफ पो आयो त साङ्लो बोरो",2
"साङ्लो बोरो",2

"मलाई जस्तो हालमा छोड़ेकि थीइन त्याहि हाल उनको भयो भने एस मलाई थाहा छ त्यस्तो बेला कस्को साथ चाहिंछ भने",2
"मलाई जस्तो हालमा छोड़ेकि थीइन त्याहि हाल उनको भयो",0
"एस मलाई थाहा छ त्यस्तो बेला कस्को साथ चाहिंछ भने",0

"यो बेमौसमी झरी र मेरो Love एउटै एउटै लाग्छ पर्ला पर्ला जस्तो गर्नी तर नपर्नि",2
"यो बेमौसमी झरी र मेरो Love एउटै एउटै",1
"पर्ला पर्ला जस्तो गर्नी तर नपर्नि",0

"त्यो बेला दाहिने हात मात्र सिपालु थियो ऐले दाहिने देब्रे दुबै सिपालु छन",2
"त्यो बेला दाहिने हात मात्र सिपालु थियो",2
"ऐले दाहिने देब्रे दुबै सिपालु छन",2

"अनि जाडोमा हिटर किन्नेकी बिहे गर्ने भनेर बाउले सोध्यो भने के भन्छौनी",2
"अनि जाडोमा हिटर किन्नेकी बिहे गर्ने",2
"सोध्यो भने के भन्छौनी",2

"गौतम बुद्ध अन्तरास्ट्रिय रंगशाला निर्माण सहयोग का लागि यस हाम्रो पोखरा फेसबुक ग्रुपले आर्थिक संकलन कार्यक्रमको आयोजना गरेको छ",1
"आर्थिक संकलन कार्यक्रमको आयोजना गरेको छ",2

"वश पहिलो म्यासेज तिमी गरिदेउ",2
"तिमी गरिदेउ",2

"त्यही भएर Slc फेल भएर मेरो त पहिले नै बिहे भईसक्यो",2
"मेरो त पहिले नै बिहे भईसक्यो",2

"मायाप्रेम जति बाँडाे तेति बढ्छ रे तर बढ्नि चै जनसंख्या मात्रै हाे",2
"मायाप्रेम जति बाँडाे तेति बढ्छ",2
"बढ्नि चै जनसंख्या मात्रै हाे",2

"चैत महिना भएर बाबा ममि चुपलाग्नु भाछ अर्को बैशाखमा पालो जरुर पाऊँछौ",2
"चैत महिना भएर बाबा ममि चुपलाग्नु भाछ",2
"बाबा ममि चुपलाग्नु भाछ",2
"अर्को बैशाखमा पालो जरुर पाऊँछौ",2

"हाम्लाइ आउनुनी त्यस्तो अफर यति बेला सम्म cricket team बनाइ सक्थे म",2
"हाम्लाइ आउनुनी त्यस्तो अफर",2

"नेपालको पढाई सकेर विदेशमा पढ्दानी कुनै सुरसार छैन बा ब्रोको",2
"कुनै सुरसार छैन बा ब्रोको",2

"मलाई बाल छैन",2

"नापिस तैले",0

"भुटुवा बनाउन मलाइ खसिको Blood चाहिएको छ",2
"खसिको Blood चाहिएको छ",2

"अलिकति रगत त मलाई पनि चाईयाथ्यो उन्लाई लब लेतर लेख्न छ",2
"उन्लाई लब लेतर लेख्न छ",2
"अलिकति रगत त मलाई पनि चाईयाथ्यो",2

"भैरहवा को मान्छे कहाँ जाने नि रुटिने दाइ भन्देउ न यार",2
"भैरहवा को मान्छे कहाँ जाने नि ?",2

"मोटिभेसनल वाला ले भन्ने भनेको हामिले गर्न नसक्ने क्यै छैन  लगनशील हुनुस मन दिनुस मात्रै भन्ने हुन्",2
"मोटिभेसनल वाला ले भन्ने भनेको हामिले गर्न नसक्ने क्यै छैन",2
"हामिले गर्न नसक्ने क्यै छैन",1
"लगनशील हुनुस मन दिनुस मात्रै भन्ने हुन्",2

"हस्तान्तरण गरेको छ",2

"VIP सेकृरिटि एम्बुलेन्स र दम्कल लाई बाटो नछोड्ने लाई यस्तै गर्नुपर्छ",0
"एम्बुलेन्स र दम्कल लाई बाटो नछोड्ने लाई यस्तै गर्नुपर्छ",0

"धेरै अत्याचार हुदा राजा त जाने देशमा यी साना तिना राजा हरु लाई  बादर झै लखेट्ने दिन हरु नजिकिदैछन जस्तो लाग्छ मलाई",2
"धेरै अत्याचार हुदा राजा त जाने देशमा",2
"बादर झै लखेट्ने दिन हरु नजिकिदैछन जस्तो लाग्छ मलाई",2

"मलाई धर्तीमा आउन मन थिएन",2

" VIP सवारी को नाममा जनतालाई किरा फटयांग्रो झै किच्दै हिड्ने येहि हो लोकतन्त्र Hello sarkar जनता लाई जवाफ चाइयो",2
"VIP सवारी को नाममा जनतालाई किरा फटयांग्रो झै किच्दै हिड्ने",0
"येहि हो लोकतन्त्र Hello sarkar जनता लाई जवाफ चाइयो",2
"Hello sarkar जनता लाई जवाफ चाइयो",2

"ए सरकार यो गणतन्त्र भनेको कार्यकर्ता कर्मचारी नेता अनि भिआइपी हरुको लागि मात्र हो कि",2
"नेता अनि भिआइपी हरुको लागि मात्र हो कि",2

"अडर गरेको सामान एयूटा छ आफुले पाउने सामान अर्कै कव्लिटीको छ,0
"अडर गरेको सामान एयूटा छ आफुले पाउने सामान अर्कै",0

"रगत तातेर आउछ के अरम नेपाल का डाका हरू लाई देखेर",0

"अब भने आम नागरिक ले खुलेर बिप्लब को समर्थन गरिन्छ",2
"बिप्लब को समर्थन गरिन्छ",1

"जनताको सुरक्षा गर्नेले त यसरी दिन-दहाडै ठक्कर दिएर हिड्छ भने अब को संग सुरक्षा माग्ने",2
"अब को संग सुरक्षा माग्ने",2
"जनताको सुरक्षा गर्नेले त यसरी दिन-दहाडै ठक्कर दिएर हिड्छ",0

"तूरन्त कारबाहि होस् होइन भने सडक अबिल्म्ब ततााउनु पर्छ",0
"सडक अबिल्म्ब ततााउनु पर्छ",0
"तूरन्त कारबाहि होस्",0

"अरु देशमा पाइदैन नेपाल मै हो छुट्",2
"अरु देशमा पाइदैन",2
"नेपाल मै हो छुट्",2

"मादर्चोद हरुलाई समातेर कोचार्नु पर्ने यती लामो खोँया",0
"मादर्चोद हरुलाई समातेर कोचार्नु पर्ने",0
"यती लामो खोँया",0

"यसमा आपत्तिजनक कुरा केही छैन त",2

"chaitra 19 tuesday",2

"निकै गर्व लागेको छ",1

"देको भन्दा नी लेको जस्तो देखि छ त",2

"Rajesh dai le खाजा खर्छ देको हो",2

"बुढाले जमानामा बिहे गरेर एउटा घोर्ले छोरो पाको भए अहिले अनमोल केसीलाई कसैले चिन्थेन",2
"बुढाले जमानामा बिहे गरेर एउटा घोर्ले छोरो पाको भए",2
"अहिले अनमोल केसीलाई कसैले चिन्थेन",0

"राजेश दाई मार्फत Provide भाको रैछ सहयोगी अरु नै हुनुहुन्छ",2
"ाजेश दाई मार्फत Provide भाको रैछ",2
"सहयोगी अरु नै हुनुहुन्छ",2

"सके हजार नसके प्रचार",2

"डोनेट ले राजेस हमाल देको होला सायद",2

"अब १ करोड हुन्छ त्यो पैसा राजेश दाई भन्या राजेश दाइ नै हो",1
"अब १ करोड हुन्छ त्यो पैसा",1
"राजेश दाई भन्या राजेश दाइ नै हो",1

"मलाइ लाग्यो लोकतन्त्र मा बहस को सुरुवात यहि बाट हुनुपर्छ",2
"लोकतन्त्र मा बहस को सुरुवात यहि बाट हुनुपर्छ",1
"सुरुवात यहि बाट हुनुपर्छ",1

"राजेश दाईले एक दिनको चिया खर्च हस्तान्तरण गर्नुभएछ",2
"एक दिनको चिया खर्च हस्तान्तरण गर्नुभएछ",1

"नेपाली आफ़ैले फोहोर पार्ने देशमा बिदेशी आएर सफ़ा गर्दै",1
"नेपाली आफ़ैले फोहोर पार्ने",1
"बिदेशी आएर सफ़ा गर्दै",1

"ठिकै त होनि यार नेपालि पनि त अस्ट्रेलिया गयर तिनी हरु को झुठो भाडा टल्काईराख्या छन नि",2
"नेपालि पनि त अस्ट्रेलिया गयर तिनी हरु को झुठो भाडा टल्काईराख्या छन नि",1
"ठिकै त होनि यार",2

"पालो को पैचो तिर्नु पर्छ",2

"अनी नेपालीहरु बिदेशमा गएर फोहोर गरिराछन त हिसाब किताब बराबर",2
"बिदेशमा गएर फोहोर गरिराछन त",2
"हिसाब किताब बराबर",2

"कस्तो कुरा गरेको रुटिने दाई, अनी नेपालीले चै विदेश मा गएर सफा गरेको छैन र",2
"कस्तो कुरा गरेको रुटिने दाई",2
"अनी नेपालीले चै विदेश मा गएर सफा गरेको छैन र ?",1

"कृपया बाटोमा फोहोर नफाल्दिनुस",1

"एक एक ब्यक्तिले गर्दा हो कम्सेकम आफुले प्रयोग गरे पछि कागज गोजिमै राखौ",1
"एक एक ब्यक्तिले गर्दा हो",1
"कम्सेकम आफुले प्रयोग गरे पछि कागज गोजिमै राखौ",1

"नेपालिहरु बिदेश गएर जुठा भाँडा माझेको पिडा कस्ले बुझिदिने",0
"पिडा कस्ले बुझिदिने",0
"नेपालिहरु बिदेश गएर जुठा भाँडा माझेको पिडा",2

"बा छोरो बिग्रिन्छ कि भनेर चिन्ता नलिग है तिम्रो छोरो बिग्रिदैन किनकि उस्लाई थाह छ कि तिम्ले त्यो खाडिको पचास डिग्री  मा पसिना बगाएका छौ भनेर",2
"बा छोरो बिग्रिन्छ कि भनेर चिन्ता नलिग है",1
"तिम्रो छोरो बिग्रिदैन किनकि उस्लाई थाह छ कि तिम्ले त्यो खाडिको पचास डिग्री  मा पसिना बगाएका छौ भनेर",1
"तिम्रो छोरो बिग्रिदैन",1

"छोरो लाई यो पनि थाह छ कि उस्ले तिम्रै पसिनामा पौडि खेलेर आफ्नो भोलिको सुनदर भबिस्यको परिकल्पना गरिरहेको छ",1
"छोरो लाई यो पनि थाह छ",2
"उस्ले तिम्रै पसिनामा पौडि खेलेर आफ्नो भोलिको सुनदर भबिस्यको परिकल्पना गरिरहेको छ",1

"बा छोरोले साथिहरु को लत मा लागेर नसा गर्छ कि भनेर पनि चिन्ता नलिग है छोरोलाई यो पनि थाह छ कि तिम्ले आफ्नो मुख सुक्दा पनि जाबो एउटा दस  को जुस खादैनौ भन्ने",1
"बा छोरोले साथिहरु को लत मा लागेर नसा गर्छ कि भनेर पनि चिन्ता नलिग है",1
"यो पनि थाह छ कि तिम्ले आफ्नो मुख सुक्दा पनि जाबो एउटा दस  को जुस खादैनौ भन्ने",2

"आज बिहानै उठेर किताब खोले अैलेसम्म पनि किताब खुल्लै छ तर पढ्ने फुर्सद पाएकैछैन",2
"आज बिहानै उठेर किताब खोले",1
"अैलेसम्म पनि किताब खुल्लै छ",2
"पढ्ने फुर्सद पाएकैछैन",2

"हामी पनि उनिहरुको देशमा लाखौ तिरेर फोहोर सफा गर्न गएको छौ खोइ ती तस्बिर सार्बजनिक गरेको",2
"हामी पनि उनिहरुको देशमा लाखौ तिरेर फोहोर सफा गर्न गएको छौ",0
"खोइ ती तस्बिर सार्बजनिक गरेको",2


"राष्ट्रपति र प्रधानमन्त्रीको फोटो बिगारेर पोष्ट गर्ने पक्राउ",2

"गर्न पनि मूलाहरू हरू ले हदै वेईज्जत गर्छन्",0
"हदै वेईज्जत गर्छन्",0

"अनि के गर्दै छस त नी आजभोलि ?",2

"केपी वली लाई गणतन्त्र कहिल्यै मन परेको थिएन",0
"गणतन्त्र कहिल्यै मन परेको थिएन",0

"उसलाई जनताले ज्ञानेन्द्र चोर हो भनेर श्रीपेच खोसिदिएको पनि मन परेको थिएन",0
"श्रीपेच खोसिदिएको पनि मन परेको थिएन",0
"ज्ञानेन्द्र चोर हो",0

"यो खबर सुने पछी म अचम्म  मा परेको छु",2
"अचम्म  मा परेको छु",2

"म भर्खर निस्केर आको",2

"ती दुई जना केटाकेटी भए उनीहरुको पनि बिबाह गरिदिनु पर्यो सरकार",2
"उनीहरुको पनि बिबाह गरिदिनु पर्यो सरकार",2

"उनी पनि मेरो लागि भगवान जस्तै थिन",1
"भगवान जस्तै थिन",1

"यो कति नम्बर हो गनेर भनिदिनु त",2
"यो कति नम्बर हो ?",2

"शिबपार्बती जस्तै",2

"मानभरी पिडा भए पछि  घिरौला काट्दा नि आँसु  आउने रैछ बरै",0
"मानभरी पिडा भए पछि",0

"प्रमाण के छ ?",2

"अब हामी विद्यार्थी लाई कस्ले हेर्छ बन्द हुदैन clz लाग्छ",2
"हामी विद्यार्थी लाई कस्ले हेर्छ ?",0
"बन्द हुदैन clz लाग्छ",2

"जति गरेपनि तेस्तै हो",2

"जसले राम्रो गर्न सक्छ तेस्लाई सम्मान",1
"जसले राम्रो गर्न सक्छ ?",0

"सहयोग गर्नु मात्र त होनी पैसा कस्को खल्तीमा पुग्छ थाहा छैन",0
"पैसा कस्को खल्तीमा पुग्छ थाहा छैन",0
"सहयोग गर्नु मात्र त होनी",0

"पैसाले मात्र सहयोग हुने होर",2

"हाम्रो त मेहेनत को पैसा हो सहयोग को लागि दिउ भनेनि आफ्नो जोहो टार्न गारो हुन्छ",2
"हाम्रो त मेहेनत को पैसा हो",2
"सहयोग को लागि दिउ भनेनि आफ्नो जोहो टार्न गारो हुन्छ",2

"बिचरा येस्तो गर्दिनी हो त अनि",2

"गर्न पनि मूलाहरू हरू ले हदै वेईज्जत गर्छन्",2

"यस्तै फोटो बनाउनेलाई त होनी समात्ने भनेको रेप गर्ने हरूलाई त समात्न सक्नु पर्योनी",2
"यस्तै फोटो बनाउनेलाई त होनी समात्ने",2
"रेप गर्ने हरूलाई त समात्न सक्नु पर्योनी",1

"यो काम कानुन बिपरित हो भन्ने थाहा हुदाहुदै गल्ति गर्नु हाम्रो दुर्भाग्य हो",1
"यो काम कानुन बिपरित हो",2
"थाहा हुदाहुदै गल्ति गर्नु हाम्रो दुर्भाग्य हो",1

"छिटो कमेन्ट गरेर लाइक कमाउ भन्या कै लेख्नै आएन कपि गरेर नि क्यै राख्या रैन्छ थुक्क कर्म",2
"छिटो कमेन्ट गरेर लाइक कमाउ भन्या",2

"यो कालो बादल Nepal भरी घुम्दै रैछ बिहान देखि",2
"यो कालो बादल",2
"Nepal भरी घुम्दै रैछ बिहान देखि",2

"आज हावाहुरी पानी चट्याङ आउनु मौसममा परिवर्तन आउनुको कारण यहि हो",2
"मौसममा परिवर्तन आउनुको कारण यहि हो",2

"गुरु ब्रह्मा गुरु विण्णु गरुरदेवो महेश्वर गुरु साक्षात परमब्रह्मा तस्मै श्रि गुरुभ्यो नम",2
"गुरु ब्रह्मा गुरु विण्णु गरुरदेवो महेश्वर",1
"गुरु साक्षात परमब्रह्मा तस्मै श्रि गुरुभ्यो नम",1

"जानेको संस्कृत यहि हो त्यहि पनि बजाईदिए",2
"जानेको संस्कृत यहि हो",1
"त्यहि पनि बजाईदिए",1

"5 बजे तिरै बनाको हो कि रुटिने ले ढिला wish गर्यो",2
"5 बजे तिरै बनाको हो",2

"समचार पड्दा विस्वास लागेको थियन यो  पोस्ट पढे पछि बिस्वास लाग्यो",2
"समचार पड्दा विस्वास लागेको थियन",2
"यो  पोस्ट पढे पछि बिस्वास लाग्यो",2

"यो देखि धर्म कर्म मा लाग्न थालेछ",2

"लौ न भगवान करोड पति बनाइदेउ मेरो साथी लाई",1
"लौ न भगवान करोड पति बनाइदेउ",2

"लौ भगवान परिक्षा पास गराइदेउ",2

"म पनि अब गएर गाउको फोहोर भेला पारेर फोटो खिचेर पोस्ट गर्नु पर्यो",1

"सोझी केटि मोह",2

"हेर हेर नेपाल मै बसेर काम गरेको भए यस्तो दिन त देख्नु पर्दैन थियो",2
"हेर हेर नेपाल मै बसेर काम गरेको भए",2

"नेपालिको बिश्वमा कति छन भन्ने कुराको यथार्थ प्रमाण हो यो बिदेसमा सवारि दुर्घटना हुदापनि नेपालि नै मर्छ",0
"नेपालिको बिश्वमा कति छन भन्ने कुराको यथार्थ प्रमाण हो",2
"बिदेसमा सवारि दुर्घटना हुदापनि नेपालि नै मर्छ",0

"मैले पनि मेस्सिको टाटु हान्छु भनेर गएको  भाइ हड्डीमा मिल्दैन भनेर फर्काइदियो ",2
"मैले पनि मेस्सिको टाटु हान्छु",2
"भाइ हड्डीमा मिल्दैन भनेर फर्काइदियो",2

"छाती मा हान्न हुदैन थियो",1
"हान्न हुदैन थियो",1

"कति लिटर दिन्छ दिनको ?",2

"गौरी गाई काहाँबाट आएछ ?",2

"भैँसि र गाई‌",2

"बोली सुन्दा मनै झस्कियो",2

"खाना खाएर आउनु भो की गएर खाने हो ?",2

"कालि भैसि लाइ गौरि गाइ रे",2

"हाम्रो घरको गाई",2

"अहिले हान्दिन्छु ग्वाम्मै अनि चल्दिन्छु मुम्बई",2
"अहिले हान्दिन्छु ग्वाम्मै",0

"अब चाइ पक्का हो है",2

"डराउन दिनु नै थियो भने थुप्रै माध्यम थिए के मेकअप नगरी VIDEO CALL गर्नु जरुरी थियो",2
"डराउन दिनु नै थियो भने थुप्रै माध्यम थिए",2
"के मेकअप नगरी VIDEO CALL गर्नु जरुरी थियो",2

"यस्ता बासी समचार नसुना है",2

"भ्याउने जति नभ्याउने जति मिल्ने जति मिलायर मिल्न सक्ने जति सबै हेर्न आइदिनु होला आउन नसक्ने जति सबै आ आफ्नो ठाउँ बाट समर्थन गर्दिनुहोला देस को गौरब बढाउने काममा पछि नपर्नुस सबैलाई चुले निमन्त्रणा",2
"भ्याउने जति नभ्याउने जति मिल्ने जति मिलायर मिल्न सक्ने जति सबै हेर्न आइदिनु होला",2
"आफ्नो ठाउँ बाट समर्थन गर्दिनुहोला",1
"देस को गौरब बढाउने काममा पछि नपर्नुस सबैलाई चुले निमन्त्रणा",2

"अत्ति भएन बोरो हरु",2

"घण्टी त पछि थप्या जस्तो छ त",2

"पाथिभरा माता मा कोटि कोटि नमन",2

"जय  माता",2

"First love ले छोडेको पीडा",0
"छोडेको पीडा",0

"टिभि हेरेछ्म के हाम्ले नि",2

"हाम्रो घरमा पनि टिभि छ",2

"भाइलाई अब बोरा बिस्तारा बोकाएर नेपाल पठाइदिन्छ",2
"बिस्तारा बोकाएर नेपाल पठाइदिन्छ",2

"यसलाई त हाडे बदाम भन्छन् हैन र ?",2
"हाडे बदाम भन्छन् हैन र ?",2

"केही पाउन केही गुमाउनु पर्छ",1
"केही गुमाउनु पर्छ",0

"ज्यानको बाजि चल्दै छ यहाँ",2

"राम्रो-नराम्रो भन्दा पनि हुने तथ्य यहि नै हो",2

"असली मायामा कचेरा पुछ्दै भिडियोकल गरिन्छ",2
"कचेरा पुछ्दै भिडियोकल गरिन्छ",2

"मेकअप त भ्रम मात्रै हो",2

"हेरुम अब के भनी लुकाउछन आफ्नो ज्यादती लाई",0
"हेरुम अब के भनी लुकाउछन",2

"यस्मा गल्ती दुबै पक्षको देख्छु म चाहिँ",2
"गल्ती दुबै पक्षको देख्छु",2

"वास्तवमा हामी यो गर्न चाहन्छौं",2

"दशै आउनु भनेको कागलाई बेल पाक्यो हर्ष न बिस्मात जस्तै हो",2
"कागलाई बेल पाक्यो हर्ष न बिस्मात जस्तै हो",2

"खसी बिना दसै कसरी आउछ्",2
"दसै कसरी आउछ् ?"2

"सरसफाइ गर्दै गर्दा को फोटो खिच्नु",1
"सरसफाइ गर्दै",1

"सामाजिक सन्जालमा अपलोड गर्नु",2

"कसरि सार्थकता पाउलार सफाई अभियानले ?",2

"सायद पुलिस रोनाल्डो को सपोटर रहेछन",1
"रोनाल्डो को सपोटर रहेछन",1

"लौ सुत्नी बेला पनि भैसकेछ कति चाडो",2
"कति चाडो",2

"बन्द को हल्ला आयो",0
"हल्ला आयो",0

"मलाई भन्या भए यो भन्दा राम्रो pic पठाईदिन्थे नि",2
"राम्रो pic पठाईदिन्थे नि",2

"सन्ध्या र आरती भन्दै नढाट है केटा को अनुहार छ त सबैमा",2
"सन्ध्या र आरती भन्दै नढाट है केटा को",0

"लु first भयर देखाओ अब",2

"कुनै बेला मैले नि बनाथें तर ओठ चै कमेडी भैदिरा",2
"कुनै बेला मैले नि बनाथें",2
"ओठ चै कमेडी भैदिरा",2

"टाउको को बिचमा चैँ के को खत हो ?",2
"के को खत हो ?"

"कपाल र दारी मेरो जस्तै पाल्न खोज्या रैछ अलि भाछैन रे भन्दिनु है",2
"कपाल र दारी मेरो जस्तै पाल्न खोज्या रैछ",2
"अलि भाछैन रे भन्दिनु है",2

"रेखी हानेको कि कपाल नि त्यस्तो कोरेको अलि बुझिएन ?",2

"हाम्रो गाउँ को रोड भन्दा नि ठूलो रहेछ लाईन त",2
"ठूलो रहेछ लाईन त",2

"कति गाडी पार्किङ्ग गर्न मिल्ला ?",2

"Pokhara university better then stanford university.",1

"कुकुर भन्दा मान्छेको भाउ कम रहेछ कुकुर मानव बन्दै  मानव पशु बन्दै",0
"कुकुर भन्दा मान्छेको भाउ कम रहेछ",0
"कुकुर मानव बन्दै  मानव पशु बन्दै",0

"अघि live scores app मा देखेको थिये बिस्वास लाग्या थियेन बल्ल बिस्वास लागो",1
"अघि live scores app मा देखेको थिये बिस्वास लाग्या थियेन",0
"बल्ल बिस्वास लागो",1

"हेरेको थिए तर बिस्वस नलागेर तपाईंको पोस्ट हेरेको हो रहेछ",2
"तपाईंको पोस्ट हेरेको हो रहेछ",2

"के वास्तवमा हामी यो गर्न चाहन्छौं ?",2
"हामी यो गर्न चाहन्छौं ?",2

"अस्ति को झ्याप ले चोदेको छैन क्या रुतिने",0
"अस्ति को झ्याप ले चोदेको छैन क्या ?",0

"नेपाललाई लिएर जज लाई गाली गर्नु मुर्खता हो",2
"जज लाई गाली गर्नु मुर्खता हो",2

"महिलाहरू असुरक्षित छन्",0

"गाउँका केटीहरु बलात्कारको सिकार सहरका केटीहरु acid को सिकार" ,0
"गाउँका केटीहरु बलात्कारको सिकार",0
"हरका केटीहरु acid को सिकार",0

"कैले काही त यो केटाको जात देख्दा, सरम लागेर आउछ",0
"सरम लागेर आउछ",0

"Get well soon poor girl",1

"Kp oli देश प्रवेश गर्नासाथ किन देशमा अपराधिक क्रियाकलाप बढ्छ ?",2
"देशमा अपराधिक क्रियाकलाप बढ्छ",2

"लाईभ देखेर आको",2

"Pakkai Mayama doka khako le gryex",2
"Mayama doka khako",0

"Seed नपाइने मेरो देशमा acid जताततै पाइन्छ",0

"ani marathon sakepachi pollution hatcha ?",2

"Opportunity for berojgars",1

"nepal mathi daro jyaddati ra paap gareka raichan",0
"jyaddati ra paap gareka raichan",0

"We are waiting for modi Visit nepal 2020",2

"Tyo terai lagi sad news ho hamro lagi haina",2
"Tyo terai lagi sad news ho",2

"यो हिमाल कहाँ पर्छ ? ",2

"बाबा म त अब अष्टेलिया जाने हो |",2

"नेपालमा बसेर केहि होलाजस्तो छैन",0
"केहि होलाजस्तो छैन",2

"मेरो सबै साथिहरु अष्टेलिया मै छन्",2

"हुन त यहाँ रोजगारीको अवसर छैन",0

"Man vs wild in Nepal",2

"Mero ex laini rescue gari launa paro arko sanga basiraxe",1

"I thought he was holding my friends",2

"पोखरामा गड्याउला नि ठुला हुदा रहेछन",2
"गड्याउला नि ठुला हुदा रहेछन",2

"जेठान दाई नेपालबाट Sydney आउनुभो",2
"नेपालबाट Sydney आउनुभो",2

"Sidai mann paro vanna",1

"बढो घुमायर प्रचार गर्दैछ",1

"फणिन्द्रको साईकलमा जात्रै जात्रा हेर्न आउँदै छु म",2

"दुईटा फूल जुधथ्यो, झाडी हल्लिन्थ्यो अनि पर्दामा कालो आउथ्यो त्यसपछि हिरोनीले वाक वाक गरेको फिलिम हेर्दै हुर्केको मुन्छे हुम् हामी । त्यहि भएर अहिलेको हावा फिलिमहरु हेरिदैँन",2
"दुईटा फूल जुधथ्यो, झाडी हल्लिन्थ्यो अनि पर्दामा कालो आउथ्यो",2
"त्यसपछि हिरोनीले वाक वाक गरेको फिलिम हेर्दै हुर्केको मुन्छे हुम् हामी ",2
"त्यहि भएर अहिलेको हावा फिलिमहरु हेरिदैँन",0

"First भैयो आज",1

"बुवा दर्सन",1

"Pls don't thank government....Thank those who protest",1
"Thank those who protest",1

"kaalo matra halera bato pitch bhako bhanidaina..",2

"रबि लामिछाने ले आफ्नो कार्यक्रम मा देखाये पछी अलि दबाब बढेको जस्तो लाग्यो",2
"अलि दबाब बढेको जस्तो लाग्यो",2

"तर जनता सडक मा उत्रेर दबाब दिय जस्ले यो भयेको हो त्यो नै ठूलो कुरा हो",2
"जनता सडक मा उत्रेर दबाब दिय जस्ले यो भयेको हो",1
"त्यो नै ठूलो कुरा हो",1

"बौद्धको बाटो पिच नहोस, यहि कुरामा सधै सरकारको बिरोध गर्न पाइयोस भन्दै केही तत्वहरु योजनाबद्ध तरिकाले पिच गर्न नदिन लागेको थिए तर सरकारले तिनिहरुको योजनालाई चक्नाचुर बनायो र उनिहरुको सबै षडयन्त्र फेल भयो",2
"बौद्धको बाटो पिच नहोस",0
"हि कुरामा सधै सरकारको बिरोध गर्न पाइयोस भन्दै केही तत्वहरु योजनाबद्ध तरिकाले पिच गर्न नदिन लागेको थिए",1
"सरकारले तिनिहरुको योजनालाई चक्नाचुर बनायो र उनिहरुको सबै षडयन्त्र फेल भयो",1

"how long will it be exist",2

"I still can't believe",2

"यो फेसबुक ग्रुपमा जोइन गर्नुहोस दलाल र ठग मेनपावर बाट बच्नुहोस",1
"यो फेसबुक ग्रुपमा जोइन गर्नुहोस",2
"दलाल र ठग मेनपावर बाट बच्नुहोस",1

"एक हप्ता पछि रवि लामिछानेले हातैले पिच उक्काको भिडिओ हेर्न पाइने भयो फेरी...",2
"हातैले पिच उक्काको भिडिओ हेर्न पाइने भयो फेरी...",2

"झापामा घर छ मलाई के को डर छ",1
"झापामा घर छ",2
"मलाई के को डर छ",1

"पिच हुनको लागी हडताल गर्नु पर्ने रहेछ",0

"tamaatar को भाउ badhyo भनेर हो क्या chatni नै छैन",2

"नेपालि खाना त धोका हो",0
"धोका हो",1

"अहिले को परीस्थीती हेर्दा सायद यहाँ को सबै भन्दा धनी ब्यक्ति मै होला जस्तो लाग्छ",1
"यहाँ को सबै भन्दा धनी ब्यक्ति मै होला जस्तो लाग्छ",1

"खायो ढिडो हल्यो हिड्यो",2
"हल्यो हिड्यो",0

"टमाटर किन्न भनेर बजार तिर निस्केको, पैसा नपुगेर 1 रोपनि जग्गा किनेर आइयो",2
"पैसा नपुगेर 1 रोपनि जग्गा किनेर आइयो",2

"Next year tyo first seat ma mah hunxu routiney",1

"Bichara haru aausi ra purne ma bal bal Nepali movie herna pauxan ani na hasera k runu tw",2
"ani na hasera k runu tw",2
"Bichara haru aausi ra purne ma bal bal Nepali movie herna pauxan",0

"Front row tira basera film herda first time faida vayo",1
"film herda first time faida vayo",1

"आफ्नो दुख अनि जात्रा बिर्सेर केहि छिन को लागी जात्रै जात्रा हेरेर मुस्कुराउदै दर्शक हरु",1
"जात्रै जात्रा हेरेर मुस्कुराउदै दर्शक हरु",1

"Kaile YouTube ma aaula jasto vaisakyo",1

"Australia रे हेर्दा त अनि कुमारि हल जस्ताे छ त हैन australia मा नेपाली मात्रै छन कि australia नेपालमै पर्छ",2
"Australia रे हेर्दा त अनि कुमारि हल जस्ताे छ त",2
"हैन australia मा नेपाली मात्रै छन कि australia नेपालमै पर्छ",1

"त्याे भन्दा बढी त हाम्रो गाउमा गाेरू ब्याउदा हास्छन",2
"गाेरू ब्याउदा हास्छन",1

"राजेश दाईको नया मुभी नलागेसम्म फिल्म हलमा गईन्न",2
"फिल्म हलमा गईन्न",0

"भाडा माज्दा माज्दा थाकेर आराम गरेकाहरु",2
"थाकेर आराम गरेकाहरु",2

"ल म्या सब हाँस्दिरा",2

"अब बाइक नहुनेले पनि हेल्मेट किन्न पर्ने भयो  कतै जादा पनि हेल्मेट bag मा बोकेर हिंड्न् पर्ने भयो कसैले फ्याट्ट लिफ्ट दिए भने झिक्यो लगायो",2
"अब बाइक नहुनेले पनि हेल्मेट किन्न पर्ने भयो",0
"कतै जादा पनि हेल्मेट bag मा बोकेर हिंड्न् पर्ने भयो",2
"फ्याट्ट लिफ्ट दिए भने झिक्यो लगायो",2

"यहाँ गर्व गर्न लायक कुराे चाहि केही छैन है",0
"लायक कुराे चाहि केही छैन",0

"Helmet pasal haru ko sabai helmet order cancel bhayeko cha.",2

"Yedi hune ho vane ghar maa bike navayeni helmet chai vetinxa",2
"maa bike navayeni helmet chai vetinxa",2

"चिट काटेपनि पछाडि बस्ने मान्छेको काटे त ठिकै हुन्थ्यो हेल्मेट लगाउने बानी बस्थ्यो त्यो कपाल कोले उडाईदिने फेरी हेल्मेट लगाएपछि",1
"चिट काटेपनि पछाडि बस्ने मान्छेको काटे त ठिकै हुन्थ्यो",1
"हेल्मेट लगाउने बानी बस्थ्यो",1
"कपाल कोले उडाईदिने फेरी हेल्मेट लगाएपछि",2

"राज्यको ढुकुटी बाट यस्ता यस्ता मोटरसाइकल किनेर हाफ पाइन्ट र चप्पल लगाएर कुन सरकारी कार्यलय मा कस्तो काम गर्न जाँदैछन यी राष्ट्रसेवक ?",2

"हेल्मेट बेच्ने फिलिङ रुन्चे विथ कमिशन खाने मन्त्रीहरु एन्ड ९९९ अरुहरु",0
"हेल्मेट बेच्ने फिलिङ रुन्चे",0

"ह्या मुला हेल्मेट किनिसके मैले। अब के सुत्दा लगाउ त्यो हेल्मेट ?",0
"ह्या मुला हेल्मेट किनिसके मैले",0
"के सुत्दा लगाउ त्यो हेल्मेट ?",0

"class मा हुँदा सुत्न पाउने rule पनि implement गर्नु पर्‍यो सरकार ।",0
"rule पनि implement गर्नु पर्‍यो सरकार ।",2

"जिम्मेवारी बोकेर हिड्नु छ म दुई/दुई वटा हेल्मेट बोकेेर हिड्न सक्दिन सरकार",1
"जिम्मेवारी बोकेर हिड्नु छ म",2
"दुई/दुई वटा हेल्मेट बोकेेर हिड्न सक्दिन सरकार",0

"भने पछि अब हामी जस्ता बाइक नहुनेलाइ हेल्मेट नकिने नि हुने भो",2
"हेल्मेट नकिने नि हुने भो",2

"को बन्छ करोड पति भाग 42 मा 34 मिनेट 17 सेकेन्ड जादा खेरी रु एक करोड को प्रश्न को उत्तर बाहिरी या अन्य कतै बाट सानू आवाजमा माघ हो माघ भनीएको सुन्न सकिन्छ ।के यो साचिकै अरु मान्छे भनिएको हो ?",2

"Take 10,000 rupess loan from your Girlfriend she will never leave you.",2
"she will never leave you.",1
"Take 10,000 rupess loan from your Girlfriend",1

"अनि अरु सुना",2

"भनेसि यो सुड्डो UK को बडाअध्क्षय भयो",0
"यो सुड्डो",0

"Bujhya ho ni originally Prabat re aba niu khoj ta",2
"aba niu khoj ta",2

"Sansar ko junai kuna ma gaye ni Nepali lai Rajniti chai garnai parcha.",2
"Nepali lai Rajniti chai garnai parcha.",2

"कोई नेपाली बेलायती मेयर भैसके,आफू भने माईक्रो मा कार्ड देखाउदै हिडिराछु",0
"कोई नेपाली बेलायती मेयर भैसके",2
"आफू भने माईक्रो मा कार्ड देखाउदै हिडिराछु",2

"हैट नेपाली हो नि",1

"i am proud for him although is nomore citizen of Nepal",1
"i am proud for him",1
"nomore citizen of Nepal",0

"सुनको होला कि नाइ त्यो माला",2
"सुनको होला कि नाइ",2

"नेपाल जस्तै बनाउ शुभकामना।",1

"उनलाई नेपाली बोल्न त आउँछ ?",2

"daju पर्बतेली कडा निस्के त्",1
"कडा निस्के त्",1

"Sagarmatha chadni buddhi huni ly kt mathi chadnu aghi ali kati buddhi lagako bhaya",1
"kt mathi chadnu aghi ali kati buddhi lagako bhaya",1

"कामिरिता शेर्पा एक हप्तामा दुई दुई पटक सगरमाथा को टुप्पोमा पुगेर फर्किसके, एउटा लामो डोरी उनैलाई दिएर पठाइएको भए त अस्ति काम सकिने रछ नि",2
"कामिरिता शेर्पा एक हप्तामा दुई दुई पटक सगरमाथा को टुप्पोमा पुगेर फर्किसके",1
"एउटा लामो डोरी उनैलाई दिएर पठाइएको भए त अस्ति काम सकिने रछ नि",2

"मलाई आश्चर्य लाग्छ,",2

"मलाई अचम्म लाग्छ,",2

"मलाई अनौठो लाग्छ,",2

"मलाई उदेक लाग्छ,",2

"मलाई ताज्जुप लाग्छ,",2

"मलाई उल्का लाग्छ,",2

"म चकित हुन्छु,",2

"म छक्क पर्छु!!",2

"म हेरेको हेरै हुन्छु",2

"म दङ्ग पर्छु.",2

"ल म्याचिस, 5 mtr जग्गालाई पाँच मिनेट नापेर पन्ध्र हजार माग्नेहरू सगरमाथा नै नाप्न गए भनेपछि बजेट त राम्रै पाे खर्च हाेला जस्ताे छ त",2
"सगरमाथा नै नाप्न गए भनेपछि बजेट त राम्रै पाे खर्च हाेला जस्ताे छ त",1
"ल म्याचिस, 5 mtr जग्गालाई पाँच मिनेट नापेर पन्ध्र हजार माग्नेहरू",0

"नापेर सकियो फर्किदै पनि छन तै पनि कसरी 6 महिना पछी मात्र थाहा हुने ? कि अरु जसो यो पनि अन्तर्राष्ट्रियको आदेस झै पर्खेको थाहा हुनलाई ? पत्रकार ले लेख्न नजान्या हुन कि जनताले नबुज्या हुन कि सरकारले ?",2
"नापेर सकियो फर्किदै पनि छन तै पनि कसरी 6 महिना पछी मात्र थाहा हुने ?",2
"कि अरु जसो यो पनि अन्तर्राष्ट्रियको आदेस झै पर्खेको थाहा हुनलाई ?",0
"पत्रकार ले लेख्न नजान्या हुन कि जनताले नबुज्या हुन कि सरकारले ?",2
"पत्रकार ले लेख्न नजान्या हुन",0
"जनताले नबुज्या हुन",0

"Feeling confused with ramesh uncle ko xoro & 99 others",0
"Feeling confused",0

"नाक कोटयाएर तेहि औंला मुख मा हाल्ने हरु को पनि छुट्टै swag छ बाबै"।,0
"नाक कोटयाएर तेहि औंला मुख मा हाल्ने हरु",0
"छुट्टै swag छ बाबै",2

"हाम्रो सत्तामा जाने दिन कहिल्यै आउन्न",0
"जाने दिन कहिल्यै आउन्न",2

"फोटो खिच्दा साइड मा तोप हानेर बसिराथे",0
"साइड मा तोप हानेर बसिराथे",0

"यो त भर्खर सुरु मात्रै हो अझै हेर के के आउछ",2
"अझै हेर के के आउछ",2
"यो त भर्खर सुरु मात्रै हो",2

"अहिले चै कसरी पत्ता लाग्यो र?",2

"अल्लि दुई तीन महिना पछि पत्ता लाको भा कति गजब हुनि",1
"कति गजब हुनि",1

"कस्तो नियम हो यो ढुंगे यूगमा बसे जस्तै बस्नु पर्ने",0
"कस्तो नियम हो यो",2
"ढुंगे यूगमा बसे जस्तै बस्नु पर्ने",0

"हरेक कुरामा सकारात्मक र नकारात्मक कुरा हुन्छ",1

"हेरेको थिए तर बिस्वस लागेन",0

"जताततै बमको मात्रै हल्ला...पाध्न नि डर लाग्यो, कतै बम पड्क्यो भनेर भागाभाग हुन बेर छैन",0
"जताततै बमको मात्रै हल्ला..",0
"पाध्न नि डर लाग्यो",0
"कतै बम पड्क्यो भनेर भागाभाग हुन बेर छैन",0

"When you try to make bomb with the help of YouTube tutorials ?",2

"Whats the update refarding the rumours of strike tomorrow???",2

"Hope Drake won't come in Toronto !",2

"Raise your hand who are supporting Golden state warriors?",2

"बचपन होइन बालापन भनिन्छ नेपाली भासामा। नाम भने रुटिन अफ नेपाल बन्द छ, शब्द भने अरु नै छ। स्पष्ट नेपाली लेख्न आउदैन भने ""नेपाल"" शब्द हटाउदा हुन्छ।",0
"बचपन होइन बालापन भनिन्छ नेपाली भासामा।",2
"नाम भने रुटिन अफ नेपाल बन्द छ, शब्द भने अरु नै छ",0
"स्पष्ट नेपाली लेख्न आउदैन भने ""नेपाल"" शब्द हटाउदा हुन्छ",2

"लौ सिक्कामा थुक कि सुक चै गरिएन है। ढुङ्गामा गरियो, अरु अरुमा पनि गरियो तर सिक्कामा कि Head कि tail कि गाई कि त्रिशुल नै गरियो।",2
"लौ सिक्कामा थुक कि सुक चै गरिएन है।",2
"सिक्कामा कि Head कि tail कि गाई कि त्रिशुल नै गरियो",2

"हामी त बाले दिनुभएको गाइ पैसाले गर्थेउ दस रूपैया भएत जोजो चाउचाउ पो खाइन्थ्यो",2
"दस रूपैया भएत जोजो चाउचाउ पो खाइन्थ्यो",2

"तर मलाई चाहि जान अल्छी लाग्छ कोहि मेरो साट्टो गइदेउ र eid मनाइदेउ है ।",0
"कोहि मेरो साट्टो गइदेउ र eid मनाइदेउ है ।",2
"मलाई चाहि जान अल्छी लाग्छ",2

"फलानोले त यस्तो गर्‍यो तँ भने ढुकु लन्ठक भन्चन्",0
"तँ भने ढुकु लन्ठक",2

"लेउ यहि खुसि मा चकलेट खाउ",1
"खुसि मा चकलेट खाउ",1

"नजाने ठाउँ को बाटो नसोधेकै राम्रो",1
"बाटो नसोधेकै राम्रो",2

"भनेको मान्नलाइ तह लगाएर राख्नुपर्यो नि",1
"तह लगाएर राख्नुपर्यो नि",2

"अाफ्ना छोराछोरी तह लाउन नसक्ने अनि सबैले परिणाम भोग्नुपर्ने",0
"अाफ्ना छोराछोरी तह लाउन नसक्ने अनि",0
"सबैले परिणाम भोग्नुपर्ने",2

"त्यत्रो त्यत्रो मोबाइल किन दिनुपर्छ बच्चालाई",2
"मोबाइल किन दिनुपर्छ बच्चालाई ?",2

"थाहा छत कति गाह्रो हुन्छ भुल्न",0
"गाह्रो हुन्छ भुल्न",2

"तिमीलाई सधैं अगाडि राखन मन थियो",1
"अगाडि राखन मन थियो",2

"आँखा भन्दा अगाडि,",1

"मन भन्दा अगाडि",1

"अनी जीवन भन्दा अगाडि",2

"तेसैले त तिम्रो नामको पहिले अक्षर मात्र अगाडि राख्न पायको छु।",1

"सपना अनि समझना,",2

"सुन्दा फरक छन ",2

"मेरो जिवनमा दुबैले यौटै अर्थ राख्छ,",2

"जिवनका दुइ भिन्न पाटा आज यौटै भयका छन",0

"नाम को अगाडीको ""s"" पनि सपना र सम्झना को s हो कि महेश?",2

"हुदैन बिहान मिर्मिरे मा तारा झरेर नगए",1

"छिनको छिनमै झुट बोल्दिने तरिका हो",0

"बरु उनलाई भुल्न सकिएका तर पबजि भुल्न सकदिन",2
"पबजि भुल्न सकदिन",2

"केही मत्रामा सभ्य लुगा अनि अलि खुकुलो लुगा लगाएर गएको भए राम्रो",1
"अलि खुकुलो लुगा लगाएर गएको भए राम्रो",2

"यो देश मा लभ गर्ने बाताबरण नै छैन",0

"ताइनतुइ का चटक देखाएर बस्छ्स मुला",0

"यो ठीक गरेन भोस्डिकी सरकारले",0
"भोस्डिकी",0

"अनसन जुलुस बिरोध केही त हुनु पर्यो नि",0
"केही त हुनु पर्यो नि",2

"अनुमान जे गर्दा नि भयो नि",2

"खै प्रतिपक्ष को भुमिका निर्बाह गरेको ?",2

"के मजाक हो यो आन्टिको",2

"सबै चोर छन हाम्रो देश मा",0

"भुँडी फुटेर मरोस सब का सब",0
"भुँडी फुटेर मरोस",0

"त्यसैत झगडा गर्न खप्पिस छन नेपालि",2
"झगडा गर्न खप्पिस",0

"नेपालमा नि गर्दिए आनन्दै हुन्थियो",1

"ल कुरा त ठिकै हो तर हास्ने चै कुन बेला",2
"ल कुरा त ठिकै हो",2
"हास्ने चै कुन बेला ?",2

"अब अल्छी लागेको बेला चटक हेर्न",2

"दुनियाको नौटन्की हेर्न पर्दैन ",2
"हेर्न पर्दैन",2

"के अर्को ग्रह मा जान्छन रे.. तेस्रो लिङ्गी हरु",0
"के अर्को ग्रह मा जान्छन रे",2
"तेस्रो लिङ्गी हरु",0

"यसमा आपत्तिजनक कुरा केही छैन",1

"सिस्नु पानी लगाउनु पर्छ सप्पै जना लाई",0
"सिस्नु पानी लगाउनु पर्छ",0

"यो धर्तीमा खुसी संग बस्नी बाताबरण नै छैन",0
"बस्नी बाताबरण नै छैन",0

"गरि खान दिने भएनन्",0

"खबर सुनेपछि नराम्रो लगेयो",0
"नराम्रो लगेयो",0

"म यो दैनिक पढ्नको लागि प्रयोग गर्दैछु",1
"पढ्नको लागि प्रयोग गर्दैछु",1

"छिटो बन्द गर यो नाटक",0

"हेर्नुस अब नेपाल मा नयाँ नाटक",1
"नेपाल मा नयाँ नाटक",2

"मान्नै पर्छ नेपालीहरुको चटक लाई",1

"थुईइक तिमीहरुको कुहिएको बुद्दी",0
"कुहिएको बुद्दी",0

"बल्ल राम्रो देखियो तलाई यो लगाएको",1

"कतिबेला डोजर लाएर मार्छ अत्तोपत्तो छैन ",0
"डोजर लाएर मार्छ",0

"बधाई छ येस्को बिरोध मा लाग्ने स्थानियबासी ",1

"समाजसेवा कसैको कमाइखाने भाडो बनाउन दिनुहुदैन",1

"ढिलो आयो तर कडा आयो",1
"ढिलो आयो",0
"कडा आयो",1

"शत्रु लागेपछि यस्तै हाे",0
"शत्रु लागेपछि",0
"यस्तै हाे",2

"दोषी प्रकाउ परिसक्यो,अव किन काम रोक्नु र",1
"अव किन काम रोक्नु र",2
"दोषी प्रकाउ परिसक्यो",1

"अब यहि सुनन् बाकि थियो भोष्डि",0
"भोष्डि",0
"अब यहि सुनन् बाकि थियो",2

"अनि यो चुरोट खाने सग बस्दा चाहिँ मारिन्छ कि मरिदैन ?",2
"मारिन्छ कि मरिदैन ?",2
"अनि यो चुरोट खाने सग बस्दा चाहिँ मारिन्छ ?",2
"चुरोट खाने सग बस्दा ",0

"यो कुरा ले मेरो मन कटक्क खायो रुटिने दाजु",0
"मन कटक्क खायो",0
"यो कुरा ले मेरो मन कटक्क खायो",0

"यस्तो खबर सुन्दा मुटु पोल्छ रबि दाइ",0
"मुटु पोल्छ रबि दाइ",0
"यस्तो खबर सुन्दा मुटु पोल्छ",0

"तेसैले केटा केटी हो चुरोट छाडेर तोप खाउ तोप",0
"चुरोट छाडेर तोप खाउ",0
"तेसैले केटा केटी हो चुरोट छाड",1

"राम्रो सङ चुरोट खाने वातावरण नि छैन देश मा",2
"खाने वातावरण नि छैन देश मा",0
"वातावरण नि छैन देश मा",0

"देशको उन्नति र प्रगतिको बाधक बन्न खोज्नेलाई कडा भन्दा कडा सजाय होस ।",1
"कडा भन्दा कडा सजाय होस ",1
 
"खोइ कारबाही कसले के गर्ला र त्यो कुकुर लाइ",0
घुस खान नपाएर रचेको जाल हो",0
"खोइ कारबाही कसले के गर्ला",2
"त्यो कुकुर लाइ",0
"घुस खान नपाएर रचेको जाल हो",0

"गौतमबुद्द अन्तराष्ट्रिए क्रिकेट स्टडिएमको नराम्रो खबरले हामि सबै दुखि छौ ",1
"नराम्रो खबरले हामि सबै दुखि छौ",1

"यति खतरा पोष्ट गर्या छ, यो रुटिनेले पनि सही मात्रै बना छ, यो पोष्ट त सही मात्रै हैन असही,ईन्सपेक्टर,डीएसपी...आईजिपि नै छ",2
"यति खतरा पोष्ट गर्या छ",1
"यो रुटिनेले पनि सही मात्रै बना छ",1
"ो पोष्ट त सही मात्रै हैन असही,ईन्सपेक्टर,डीएसपी...आईजिपि नै छ",1
 
"आफ्नो दुख-बेदना अरुलाइ सुनाएर के गर्नु रविदाइ ,आपत-बिपतमा साथ दिने कोही हुदैन",1
"आफ्नो दुख-बेदना अरुलाइ सुनाएर के गर्नु",1
"रविदाइ ,आपत-बिपतमा साथ दिने कोही हुदैन",1
"साथ दिने कोही हुदैन",0

"रक्सिको भाउ बढ्यो रबि दाइ लोकल खाँदा मन कटक्कै खान्छ।",2
"रक्सिको भाउ बढ्यो",0
"लोकल खाँदा मन कटक्कै खान्छ",2
"मन कटक्कै खान्छ",0

"सब जना एक दिन भेला भएर सब लाई समातेर सामाजिक हिसाब ले कारवाही गरम आउनुस साथ दिनुस",1
"आउनुस साथ दिनुस",1
"सब जना एक दिन भेला भएर सब लाई समातेर सामाजिक हिसाब ले कारवाही गरम",0

"हरेक समाजसेवा लाग्ने युवालाइ ठोस पुगेको छ",1
"युवालाइ ठोस पुगेको छ",0
"समाजसेवा लाग्ने युवा",1
"ठोस पुगेको छ",0

"आफुले सहयोग गर्नु परै जाओस् उल्टै राम्रो काम हुन लाग्दा तगारो बनेर बस्छन् "0
"आफुले सहयोग गर्नु परै जाओस्",0
"उल्टै राम्रो काम हुन लाग्दा तगारो बनेर बस्छन्",0

"सहयोग गर्न सक्दैनौ भने राम्रो काम को थालनी हुने कुरामा तगारो पनि नबनिदेउ"1
"राम्रो काम को थालनी",1
"तगारो पनि नबनिदेउ",1
"सहयोग गर्न सक्दैनौ",0

"हरेक कृकेट प्रेमी लाई निरास बनाएको छ",2
"हरेक कृकेट प्रेमी",2
"निरास बनाएको छ",0

"बादँरले आफ्नो घर नि बनाउँदैन अर्काको नि बनाउन दिदैन भन्या यहि यो ",0
"बादँरले आफ्नो घर नि बनाउँदैन",0
"अर्काको नि बनाउन दिदैन",0
"भन्या यहि यो",2

"गरिबको पसिना चुस्न छोड बिकासको काममा बाधा नहाल",1
"गरिबको पसिना",2
"गरिबको पसिना चुस्न छोड",1
"िकासको काममा बाधा",0
"बिकासको काममा बाधा नहाल",1
"बाधा नहाल",1

"हेर लाजमर्दो तेत्रो दुख गरेर गरको काम नै लागेन ",2
"हेर लाजमर्दो",2
"तेत्रो दुख गरेर गरको काम नै लागेन",2
"काम नै लागेन",2

"ओइ भ्रष्टाचारको कुपुत्र नालायकका कुख्यात डाकाहरु कान खोलेर सुन",0
"ओइ भ्रष्टाचारको कुपुत्र",0
"नालायकका कुख्यात डाकाहरु",0
"कान खोलेर सुन",2
"कुपुत्र",0
"कुख्यात डाकाहरु",2
"कुख्यात डाकाहरु कान खोलेर सुन",0

"यस्तो लाचारी घिन लाग्दो दानबले पनि गर्न नमिल्ने काम जसरी आफ्नो खुट्टामा आफैले बन्चरो हानेका छौ",1
"यस्तो लाचारी घिन लाग्दो",0
"जसरी आफ्नो खुट्टामा आफैले बन्चरो हानेका छौ",2
"बन्चरो हानेका छौ",0
"घिन लाग्दो दानब",0
"गर्न नमिल्ने काम",2

"नै पिसाजहरुले गर्दा नि हो देश विकास नभाको",0
"देश विकास नभाको",2
"नै पिसाजहरुले गर्दा",0
"देश विकास",0

"हामी जनताले गर्दा नै कतिपय देश विकासको ठाँउमा अबरोध भैराछ्",1
"कतिपय देश विकासको ठाँउमा अबरोध भैराछ्",2
"हामी जनताले गर्दा नै",2
"देश विकासको ठाँउमा",2

"लाज पचेका नकचरा हर्लाइ टुडिखेल मा ल्याएर घुमेर एक एक लाइ किक हान्नु पर्ने",0
"लाज पचेका नकचरा",0
" टुडिखेल मा ल्याएर",2
"घुमेर एक एक लाइ किक हान्नु पर्ने",0
"किक हान्नु पर्ने",0

"अाखिर देश विकासकाे बाधक काे रहेछ त ?",2
"काे रहेछ त ?",2
"देश विकासकाे बाधक",0
"विकासकाे बाधक",0
"बाधक",0

"त्यहाँका जनताहरू कहा मरेका रहेछन्",0
"त्यहाँका जनताहरू",2
"कहा मरेका रहेछन् ?",2
"मरेका रहेछन्",0

"आफू पनि नगर्ने अरुको काममा पनि बाधा पुर्याउने प्रतिगामीहरु",0
"आफू पनि नगर्ने",2
"अरुको काममा पनि बाधा पुर्याउने",0
"प्रतिगामीहरु",0
"बाधा पुर्याउने",0

"कुन मादारचोत हो, पक्कै के पि कै छाउरा होलान हैन सालो हरु लाई काटेर गिद्द लाई खुलाउनु पर्छ",0
"कुन मादारचोत हो",0
"सालो हरु",0
"सालो हरु लाई काटेर गिद्द लाई खुलाउनु पर्छ",0
"गिद्द लाई खुलाउनु पर्छ",2
"पक्कै के पि कै छाउरा होलान",0

"अनि नेपाल पुलिस कस्को मुजि हेरेर बस्छस जाठा हो",0
"नेपाल पुलिस कस्को मुजि हेरेर बस्छस",0
"जाठा हो",0
"कस्को मुजि हेरेर बस्छस",0
"अनि नेपाल पुलिस",2

"माँ ख्यास्ने हरु खाना खाने भए यस्तै गर्थे?",0
"खाना खाने भए यस्तै गर्थे?",2
"माँ ख्यास्ने हरु",0
"खाना खाने भए",2

"मुलाहरुलाइ टुडिखेल मा राखेर नाख को डाँडी भत्किने गरि दिन पाउनुपर्छ।",0
"मुलाहरुलाइ",0
"डाँडी भत्किने गरि दिन पाउनुपर्छ",0
"मुलाहरुलाइ टुडिखेल मा राखेर",0

"धिक्कार छ कुकर्मीहरु तिमिहरुमा",0
"कुकर्मीहरु",0
"धिक्कार छ कुकर्मीहरु",0

"धिक्कार छ यी महान नेपालि आमा हरुलाइ जसले यी नालायक बिकास बिरोधी छोरा जन्मायो",0
"धिक्कार छ",0 
"महान नेपालि आमा हरुलाइ",1
"धिक्कार छ यी महान नेपालि आमा हरुलाइ",2
"यी नालायक बिकास बिरोधी छोरा जन्मायो",0
"बिकास बिरोधी",0
"छोरा जन्मायो",2
"आमा हरुलाइ जसले यी नालायक बिकास बिरोधी छोरा जन्मायो",0

"लाईन लगाएर ट्रकमा कोचेर कोहि राँची पुर्याईदेऊ झ्याक्नेँहरुलाई",0
"लाईन लगाएर",2
"ट्रकमा कोचेर",0
"कोहि राँची पुर्याईदेऊ झ्याक्नेँहरुलाई",0
"झ्याक्नेँहरुलाई",0
"ट्रकमा कोचेर कोहि राँची पुर्याईदेऊ",0

"एक दुई शब्द जवोस यो देश द्रोहिलाइ",0
"देश द्रोहिलाइ",0
"एक दुई शब्द",2
"दुई शब्द जवोस",2

"आफ्नै खुट्टा मा बन्चरो हान्चन भने घन्टा गर्न",0
"आफ्नै खुट्टा मा बन्चरो हान्चन",0
"घन्टा गर्न",0
"बन्चरो हान्चन",2
"खुट्टा मा बन्चरो",0
